{
    "smoothness_mean": {
        "before": [
            0.14780598789725852,
            0.11418788389884624,
            0.1476191694907431,
            0.07106265917851308,
            0.11704741625684799,
            0.10906377416599627,
            0.19341641302064147,
            0.09924560613688233,
            0.18356192325442733,
            0.11248998304286711,
            0.11045650498252077,
            0.1535304504894874,
            0.13065285726646936,
            0.03396541459021843,
            0.24745455958094906,
            0.13699007325557064,
            0.11024258622998251
        ],
        "after": [
            0.09595337841079495,
            0.07376572982771006,
            0.08314091373542125,
            0.052002799766311815,
            0.07721655419476084,
            0.07395587527145009,
            0.12771308403966622,
            0.07178918817482859,
            0.11982578081113976,
            0.07169143014276166,
            0.07696082101944168,
            0.09827493562299615,
            0.08740079810714584,
            0.03396541459021843,
            0.16802160433376442,
            0.08750226731758957,
            0.07219406082811076
        ],
        "percentage_diff": [
            -35.08153507455115,
            -35.39968750707763,
            -43.67878235445916,
            -26.82120206664644,
            -34.02968073612372,
            -32.19024755287816,
            -33.9698828837051,
            -27.665121944224996,
            -34.72187549208973,
            -36.26860969883705,
            -30.324772604727645,
            -35.98993860196791,
            -33.10456431206093,
            0.0,
            -32.10001681993658,
            -36.125103638462846,
            -34.51345501138447
        ]
    },
    "smoothness_median": {
        "before": [
            0.0791723991392943,
            0.058555959340043796,
            0.09530373666555511,
            0.0315997574000836,
            0.061951375076970516,
            0.049391792772733964,
            0.088209084000461,
            0.04783400502409293,
            0.09439576751674983,
            0.050465425290325605,
            0.054170606081717705,
            0.06714120155592887,
            0.07137224193029154,
            0.01933877928582052,
            0.14137973105417176,
            0.08296422768156184,
            0.06305127614930646
        ],
        "after": [
            0.0576575513573201,
            0.04280552668207221,
            0.053160768444762,
            0.02537363290216601,
            0.04658847242175937,
            0.0396001678235186,
            0.0713216826230384,
            0.03773651976317208,
            0.06995032140050432,
            0.03619485637759016,
            0.04417309782531982,
            0.05004939841739303,
            0.054983127607541774,
            0.01933877928582052,
            0.114475249410504,
            0.05934014224196673,
            0.04612958477432318
        ],
        "percentage_diff": [
            -27.17468210622419,
            -26.898086608924487,
            -44.21963890952506,
            -19.703076891030555,
            -24.79832390503641,
            -19.824396725726245,
            -19.144741801574934,
            -21.10942885889436,
            -25.896760796937052,
            -28.277912710806312,
            -18.45559608714068,
            -25.45650471312805,
            -22.962868868203454,
            0.0,
            -19.029942583041766,
            -28.47502604408066,
            -26.837983952794918
        ]
    },
    "mean_velocity": {
        "before": [
            1.808369767176082,
            1.6172960723171348,
            1.2792075464175687,
            1.236303648607186,
            1.6948600295373226,
            1.554114693127475,
            1.9707696006485151,
            1.6184318440798506,
            2.0481835076462023,
            1.4293845055198566,
            1.710600523342064,
            2.014589389815547,
            1.7450963106906388,
            null,
            1.8129343380961165,
            1.699938058529155,
            1.5701029002757108
        ],
        "after": [
            1.7043195864217677,
            1.56519275245275,
            1.1619115728298142,
            1.220880345369581,
            1.630887767889219,
            1.4955472664352338,
            1.8575212054982613,
            1.6082053716649172,
            1.9532369739668392,
            1.3656310460728665,
            1.6808235694624662,
            1.939367583159137,
            1.6846768359775475,
            null,
            1.5931922575294744,
            1.629468993704354,
            1.519901987133073
        ],
        "percentage_diff": [
            -5.753811119989983,
            -3.221631509296577,
            -9.169424767407206,
            -1.2475335856996632,
            -3.7744864197173404,
            -3.76853953902083,
            -5.746404608280317,
            -0.6318753830963861,
            -4.635645845448528,
            -4.460203619165686,
            -1.740731016580156,
            -3.7338530142510615,
            -3.462242991573324,
            null,
            -12.120796432010216,
            -4.145390149437165,
            -3.1973008351123005
        ]
    },
    "std_velocity": {
        "before": [
            1.5393027654075717,
            1.2915830475206767,
            1.0579852867721056,
            1.3573629283206006,
            1.502903666692092,
            1.4390856877865228,
            1.4591076810693673,
            1.5133077715023484,
            1.6529171333985746,
            1.4158207690854026,
            1.5492754932712844,
            1.7211468658213287,
            1.4783974684858936,
            null,
            1.506413405526536,
            1.3575084538374012,
            1.2970015836949385
        ],
        "after": [
            1.384831578222608,
            1.1916693916660615,
            0.8355689880785838,
            1.3249591308878794,
            1.4207625012462912,
            1.3330039441876629,
            1.1784951708922897,
            1.4965311562232422,
            1.510752510232788,
            1.303881121883563,
            1.465009476108117,
            1.5892416659250919,
            1.403940408415265,
            null,
            1.22826588618161,
            1.2665638191541648,
            1.2491399441938784
        ],
        "percentage_diff": [
            -10.035139977421101,
            -7.735751568310648,
            -21.02262682424535,
            -2.387261119088673,
            -5.465497707287819,
            -7.37146818283112,
            -19.231788977453608,
            -1.1086056382602933,
            -8.600831844091363,
            -7.9063430658776594,
            -5.439059581665518,
            -7.6637968854152305,
            -5.036335739054273,
            null,
            -18.464222259606426,
            -6.699378882404325,
            -3.690175872007057
        ]
    },
    "median_velocity": {
        "before": [
            1.3686151701111537,
            1.2893620042944751,
            1.0320798971040848,
            0.7074064787765904,
            1.209551327974291,
            1.0602205356432903,
            1.5833669414238019,
            1.0980425532372668,
            1.6559091225068006,
            0.9656335759724284,
            1.2063849198772465,
            1.4422339260577934,
            1.3265014869379919,
            null,
            1.3723641160225868,
            1.3532604524969496,
            1.2199349095511915
        ],