{
    "smoothness_mean": {
        "before": [
            0.1370846432268243,
            0.15859507962881958,
            0.13341282704786317,
            0.08068109262636634,
            0.09533638198431864,
            0.1191344265626875,
            0.1596596103739985,
            0.11960165927970341,
            0.16327615099439016,
            0.10367529870494017,
            0.1325014852148588,
            0.12168350141329869,
            0.3066114460586932,
            0.1925733808513087,
            0.17656707719399312,
            0.274903324920001,
            0.2905634874855305,
            0.13290195684843387,
            0.1473861030130545
        ],
        "after": [
            0.0876701823647734,
            0.09042435103469089,
            0.08450843235360482,
            0.05950331129941783,
            0.06525600037465511,
            0.0817870609993495,
            0.10355429714108912,
            0.08134988000238355,
            0.10640194462998626,
            0.07457006307201627,
            0.08717392817808207,
            0.07863870216978475,
            0.3066114460586932,
            0.12744670856005155,
            0.17656707719399312,
            0.17024993031218424,
            0.2905634874855305,
            0.08570044747839338,
            0.09210136801673907
        ],
        "percentage_diff": [
            -36.04667867887161,
            -42.98413844469664,
            -36.656441345563735,
            -26.24875375079846,
            -31.55183885057783,
            -31.34892796389643,
            -35.14058007625356,
            -31.98264932751752,
            -34.83313761258249,
            -28.073452400419296,
            -34.20909355338581,
            -35.37439237330297,
            0.0,
            -33.81914572167338,
            0.0,
            -38.069162909641676,
            0.0,
            -35.516037904446186,
            -37.51014096045315
        ]
    },
    "smoothness_median": {
        "before": [
            0.0715629397666716,
            0.10395968962124143,
            0.06309222346239984,
            0.03962333765527807,
            0.05235346928889166,
            0.06229750417296596,
            0.08740479669374156,
            0.053476013649555204,
            0.08113860434223705,
            0.05283825612985879,
            0.07327941360715717,
            0.06027141459830658,
            0.1908782805032646,
            0.10055826919383769,
            0.08843571100800247,
            0.14968699993488238,
            0.11738814423483675,
            0.0802609908483924,
            0.07262793067295126
        ],
        "after": [
            0.05179228284333631,
            0.06097667060104002,
            0.04327959925468319,
            0.0325274739329314,
            0.041244815510052955,
            0.04921973225750509,
            0.06496257392956001,
            0.04437822093736293,
            0.06531038590756617,
            0.041654616198465645,
            0.054539349387079314,
            0.043638903935696374,
            0.1908782805032646,
            0.07560714088181623,
            0.08843571100800247,
            0.1202220326921677,
            0.11738814423483675,
            0.058168339578503446,
            0.0524373053049499
        ],
        "percentage_diff": [
            -27.626949071400364,
            -41.345851624607924,
            -31.402640643223002,
            -17.908293804223373,
            -21.218562837813185,
            -20.992449198528206,
            -25.67619125391602,
            -17.0128476139095,
            -19.507629645573566,
            -21.165800597028586,
            -25.573436382203152,
            -27.59601840020115,
            0.0,
            -24.812607170003364,
            0.0,
            -19.684386256343355,
            0.0,
            -27.5260136167774,
            -27.800083495316947
        ]
    },
    "mean_velocity": {
        "before": [
            1.8277842894505714,
            1.3466831670510804,
            1.65033815918852,
            1.4391214004118529,
            1.5563101959051069,
            1.8293791024487336,
            1.8302946673153788,
            1.6738205346949229,
            2.026338471393225,
            1.6953494646771314,
            1.7779409721764692,
            1.5960384351762957,
            null,
            2.0220399118619583,
            null,
            2.0811907589798215,
            null,
            1.7028565683760208,
            1.6850170444935062
        ],
        "after": [
            1.7518167747768638,
            1.2472647503847654,
            1.5677098012394008,
            1.4302173551984843,
            1.5261906535711056,
            1.8015519103192035,
            1.7283978436600573,
            1.6122383343861406,
            1.9017879852837627,
            1.685097859168836,
            1.719144623560804,
            1.5213386151104022,
            null,
            1.9062319138241164,
            null,
            1.4109299805083397,
            null,
            1.6217044514720238,
            1.608150313448166
        ],
        "percentage_diff": [
            -4.156262591388355,
            -7.38246523746324,
            -5.006753160803599,
            -0.6187139744305405,
            -1.9353174202193397,
            -1.5211276925751336,
            -5.567236001664185,
            -3.679139969447589,
            -6.146578563640778,
            -0.6046898130379194,
            -3.3069910382733028,
            -4.680327141222151,
            null,
            -5.727285468425905,
            null,
            -32.205638794977006,
            null,
            -4.765646056813237,
            -4.561777656584195
        ]
    },
    "std_velocity": {
        "before": [
            1.4070026060560812,
            1.020475871247599,
            1.5295184711365395,
            1.4105940162504909,
            1.0840845131866497,
            1.5563868363921247,
            1.4873135495355048,
            1.5105020955309125,
            1.4953795022124912,
            1.5153650652291675,
            1.4925813910730439,
            1.5205892874814357,
            null,
            1.6096691506093566,
            null,
            1.7967918566681462,
            null,
            1.329012398691636,
            1.3763126880048928
        ],
        "after": [
            1.2774426153419425,
            0.8634653811447638,
            1.408936597955045,
            1.3878154259889883,
            0.9838423869058399,
            1.4863646049752433,
            1.3190026398535588,
            1.3974116745746625,
            1.3145853450597562,
            1.4939102975957614,
            1.4180571682900398,
            1.4133231720077555,
            null,
            1.463820880050153,
            null,
            1.1922822919444611,
            null,
            1.2483271146934323,
            1.2767348298489782
        ],
        "percentage_diff": [
            -9.208226776303114,
            -15.386007109690848,
            -7.8836493613505505,
            -1.6148225498680655,
            -9.246707711574032,
            -4.499024906892728,
            -11.316437595455932,
            -7.486942341281617,
            -12.090185594040888,
            -1.4158151145025537,
            -4.992975473815017,
            -7.054246426485483,
            null,
            -9.060760747262325,
            null,
            -33.64382816408397,
            null,
            -6.071070825045383,
            -7.235118808667161
        ]
    },