{
    "smoothness_mean": {
        "before": [
            0.1230133051331478,
            0.08735661627175127,
            0.10442189641493022,
            0.11895280344293965,
            0.1386828890754208,
            0.19342809616097353,
            0.1527741480785997,
            0.09442534149004002,
            0.1728730446395504,
            0.087732390645623,
            0.11204511858511432,
            0.09991857715108188,
            0.1035879745447275,
            0.00014589030795437836,
            0.10881316360938771,
            0.1428146942407371,
            0.10577487988577433,
            0.18644058232445124,
            0.026719781599344097,
            0.18377947994612404,
            0.09715684987646801,
            0.10796494785243346,
            0.18428754053503577
        ],
        "after": [
            0.08158975474311254,
            0.05585740260084691,
            0.06973428907941219,
            0.0769463709062414,
            0.09173598859844746,
            0.12047757966411735,
            0.10156336606793515,
            0.06195648892563057,
            0.10018075769435819,
            0.08919251889703766,
            0.07510159053815102,
            0.06913340605009662,
            0.06476440997536694,
            0.00014589030795437836,
            0.058985805396916356,
            0.08875187902025952,
            0.06537637910528428,
            0.09436355663990129,
            0.027495474399378037,
            0.09700768542989485,
            0.06078890429068965,
            0.05992193185559029,
            0.11338811209779624
        ],
        "percentage_diff": [
            -33.674040661860936,
            -36.058188853052386,
            -33.21871037247165,
            -35.3135288289765,
            -33.85197755106033,
            -37.71453989607888,
            -33.520580971799944,
            -34.38574015412405,
            -42.0495208473707,
            1.6642978045731667,
            -32.97201030574071,
            -30.810257690555925,
            -37.4788335615127,
            0.0,
            -45.791663949169994,
            -37.85521896601621,
            -38.192906315862665,
            -49.38679365649797,
            2.9030656450162793,
            -47.21517034527838,
            -37.432199203678486,
            -44.49871643758712,
            -38.472176812062074
        ]
    },
    "smoothness_median": {
        "before": [
            0.061671760630622,
            0.047476542310273796,
            0.056940291385330855,
            0.06789561700816958,
            0.06865263906726163,
            0.08863616802713646,
            0.07680010461883427,
            0.055089910900700145,
            0.09811079796586455,
            0.03928533793375648,
            0.06091617281942867,
            0.0471318876844872,
            0.05629298314874667,
            7.009770533095565e-05,
            0.05558223469246005,
            0.04232495574653769,
            0.061891355561479115,
            0.10643065451169621,
            0.025384559258742844,
            0.11494044881814464,
            0.05496297206579838,
            0.07758621647695571,
            0.09774291422824655
        ],
        "after": [
            0.04644309685845318,
            0.031096468812190525,
            0.04259926820823589,
            0.049650560644868454,
            0.053044164172442454,
            0.06787334493229816,
            0.0608365276911697,
            0.03917578048679317,
            0.06287513891298377,
            0.03928533793375648,
            0.04636597774009555,
            0.036934166517109415,
            0.038853056043890444,
            7.009770533095565e-05,
            0.03605121219333627,
            0.036056011596011316,
            0.04036184870643945,
            0.047577927219042415,
            0.02673287849381814,
            0.0666796290216051,
            0.038530613265864516,
            0.04097395346983327,
            0.061571107089194194
        ],
        "percentage_diff": [
            -24.693090673022397,
            -34.50140364273888,
            -25.1860726880466,
            -26.872215272903084,
            -22.735433199482618,
            -23.42477518712412,
            -20.785879142864736,
            -28.887558817425358,
            -35.91414990339824,
            0.0,
            -23.885602797903392,
            -21.636564263336776,
            -30.980641155174805,
            0.0,
            -35.13896590734456,
            -14.811460614555264,
            -34.785967538961984,
            -55.296782268858614,
            5.311572367012494,
            -41.98767300177884,
            -29.89714380849352,
            -47.18913316000767,
            -37.00708887662685
        ]
    },
    "mean_velocity": {
        "before": [
            1.6493070907289002,
            1.1521498596640605,
            1.5303090212438604,
            1.551525624372311,
            1.815325789724239,
            2.0890709328369077,
            1.919547246968518,
            1.4826078505992546,
            1.172615930218573,
            null,
            1.7016067011538916,
            1.4674738232064244,
            null,
            null,
            0.8420475102960433,
            null,
            1.2468517592490402,
            null,
            null,
            null,
            1.3761354265656904,
            1.0526020523396191,
            2.066809254157185
        ],
        "after": [
            1.5942843175295018,
            1.1049716287577211,
            1.4848161376033895,
            1.4899720252737076,
            1.7514803832982127,
            1.8959567198400653,
            1.8115890428671357,
            1.4552400464444242,
            0.9574413476434769,
            null,
            1.6600847288564102,
            1.4263655601319316,
            null,
            null,
            0.650487610656134,
            null,
            1.1783431611468447,
            null,
            null,
            null,
            1.3176868247463696,
            0.9990883233012264,
            1.8752392566800784
        ],
        "percentage_diff": [
            -3.336114511887623,
            -4.094799865713248,
            -2.9727906592025133,
            -3.9672950373285416,
            -3.517021946552354,
            -9.24402374095541,
            -5.624149354587511,
            -1.8459233265066444,
            -18.349962424183346,
            null,
            -2.440162716174337,
            -2.8012944711116816,
            null,
            null,
            -22.749298263771543,
            null,
            -5.494526321513733,
            null,
            null,
            null,
            -4.24730013420164,
            -5.083946864766955,
            -9.268876510581826
        ]
    },
    "std_velocity": {
        "before": [
            1.3776754533475137,
            1.2080718509062511,
            1.2967398539075998,
            1.2324852809231606,
            1.528156555725475,
            1.657140433975344,
            1.5098699843715702,
            1.3233734350866218,
            1.2346321646523268,
            null,
            1.299760198087241,
            1.3480891388137266,
            null,
            null,
            0.9855265621184592,
            null,
            1.1532255149143553,
            null,
            null,
            null,
            1.1548919716044481,
            0.8602935994452279,
            1.4551459139252898
        ],