{
    "smoothness_mean": {
        "before": [
            0.10003337479699557,
            0.1129054007369383,
            0.27369717952977757,
            0.06904978786893375,
            0.1160266400414544,
            0.07200491041688509,
            0.16166716830607808,
            0.09979065669696535,
            0.0847377590299408,
            0.09724190128531804,
            0.12445244539585512,
            0.05933385265015702,
            0.14659830300460022,
            0.08259317208605314,
            0.15847948760047623,
            0.15697850123120144,
            0.12181517053902585,
            0.13766938337656867,
            0.12287245301248322,
            0.1575673902446945
        ],
        "after": [
            0.0652927277090655,
            0.07335083972743174,
            0.1702236660682918,
            0.043447531026315614,
            0.0800092866924354,
            0.04926076605225098,
            0.10240940204023471,
            0.06702922294867779,
            0.05855593178824701,
            0.06285608266624719,
            0.08015135765190151,
            0.036963089620063894,
            0.1003720229763611,
            0.05343673887971554,
            0.10562778474261081,
            0.12293429108283878,
            0.07815922899124865,
            0.13766938337656867,
            0.08178210430449226,
            0.08949461000446508
        ],
        "percentage_diff": [
            -34.7290563358795,
            -35.03336488009633,
            -37.80583842305474,
            -37.07796596162588,
            -31.04231350330458,
            -31.5869351589397,
            -36.65417467673645,
            -32.83016149274809,
            -30.897474209157267,
            -35.36111302285135,
            -35.59679972783327,
            -37.70320319834132,
            -31.53261605408117,
            -35.30126337315118,
            -33.34923885613736,
            -21.687180015957463,
            -35.83785283442277,
            0.0,
            -33.441465276042294,
            -43.20232767358505
        ]
    },
    "smoothness_median": {
        "before": [
            0.051324377652713325,
            0.05740675866711563,
            0.1255400471460112,
            0.039772773151129634,
            0.06132403964347308,
            0.03372182878030684,
            0.08144701122220446,
            0.04737815838739487,
            0.05117452432289791,
            0.045080657938930895,
            0.04990131577011536,
            0.0330234070626788,
            0.07933647374268081,
            0.046489407487194524,
            0.08465795622178918,
            0.08465530250594461,
            0.07991791971774098,
            0.10773334131764228,
            0.07347881695262451,
            0.0627578341948817
        ],
        "after": [
            0.038311429903152255,
            0.042142795112428924,
            0.10271822689771079,
            0.02563825286690136,
            0.04782327520107552,
            0.02410754654649188,
            0.06148528372521343,
            0.035721479107007736,
            0.03979244202711943,
            0.03168682241928264,
            0.0352413091457348,
            0.022644568969381478,
            0.06337597270145556,
            0.03424455957128886,
            0.06678933729597213,
            0.08020437103451274,
            0.05163256001901058,
            0.10773334131764228,
            0.05349714091704393,
            0.04208478533989074
        ],
        "percentage_diff": [
            -25.354321561604216,
            -26.58914021465277,
            -18.178916423184983,
            -35.538181435122844,
            -22.015451886223687,
            -28.51056001870691,
            -24.50885207135627,
            -24.60348750805062,
            -22.241696325227192,
            -29.710825289622854,
            -29.37799614726807,
            -31.428731970623648,
            -20.117482273022862,
            -26.339006190342396,
            -21.10683947886052,
            -5.257711377405238,
            -35.39301297960505,
            0.0,
            -27.193791169043685,
            -32.94098516974791
        ]
    },
    "mean_velocity": {
        "before": [
            1.424888504836693,
            1.5363020565574448,
            2.153849206495334,
            0.8904126905778259,
            1.805680737985346,
            1.2905500550415612,
            1.9695321622520863,
            1.45314464368214,
            1.6226180178569851,
            1.2784584821573794,
            1.4397311493522804,
            0.7993290791010703,
            1.9838203856363126,
            1.3036583162881583,
            2.138930720326324,
            2.468734364121719,
            1.5024626473654017,
            null,
            1.6943175352916886,
            null
        ],
        "after": [
            1.371425114504284,
            1.4659786343795624,
            1.9240998974293133,
            0.853910732372957,
            1.7601225735706707,
            1.2729990271776361,
            1.8232532583226184,
            1.4108097645744442,
            1.616418355549065,
            1.2096307748073676,
            1.3478219505113673,
            0.7770141693984622,
            1.9338795563129416,
            1.2739479801195859,
            2.057225817361076,
            2.5169106912318226,
            1.4727811682574994,
            null,
            1.6171548772793352,
            null
        ],
        "percentage_diff": [
            -3.752110438882132,
            -4.57744763653207,
            -10.66691708840009,
            -4.099442718093029,
            -2.523046486363135,
            -1.359964907626913,
            -7.427088865723492,
            -2.9133286415606228,
            -0.3820777434795228,
            -5.383648222495747,
            -6.383775115393041,
            -2.7917049793438693,
            -2.517406801793318,
            -2.2789971726000418,
            -3.8198947814814166,
            1.95145852102411,
            -1.9755219312739238,
            null,
            -4.554202881402001,
            null
        ]
    },
    "std_velocity": {
        "before": [
            1.264224967226543,
            1.433985404271529,
            1.6040232063352087,
            0.9296007783862078,
            1.4675822144047974,
            1.4808596273278969,
            1.485494718533181,
            1.4808128326099772,
            1.0534527193866465,
            1.3947518598837734,
            1.5806144015407546,
            0.7028763062408886,
            1.6020420941838547,
            1.074401767830166,
            1.632275535607257,
            1.844493872539295,
            1.29402056712683,
            null,
            1.2933703824448184,
            null
        ],
        "after": [
            1.1790224825195885,
            1.3250220640562542,
            1.3016191929030083,
            0.8639301107415523,
            1.3849533079797454,
            1.4591649233547779,
            1.280325319306165,
            1.4088513600131263,
            1.0111560351297666,
            1.268590514582699,
            1.41331300665166,
            0.6589458978875654,
            1.5036686814671536,
            1.0160227528797727,
            1.532538816063896,
            1.805473623952934,
            1.2175961549327061,
            null,
            1.2250152519159816,
            null
        ],