{
    "smoothness_mean": {
        "before": [
            0.25217327738408857,
            0.11263956475474118,
            0.07217199886086166,
            0.16786972705062142,
            0.14545410671968606,
            0.1577743185278987,
            0.13630327647728072,
            0.081970622963082,
            0.06605724869822939,
            0.06056523774582338,
            0.12847483736316814,
            0.09700487011686064,
            0.12798376893308017,
            0.11138704711583809,
            0.19006054265870867,
            0.1079250830445512,
            0.18370296629339805
        ],
        "after": [
            0.1667034945273632,
            0.06963742234016039,
            0.05010264285849228,
            0.1143208026248259,
            0.09760655047538433,
            0.10423397406961057,
            0.08741793882663372,
            0.05504147338254186,
            0.04337220368929462,
            0.04095770539006276,
            0.08315424740616853,
            0.06429484034776431,
            0.0877798370817738,
            0.07166992041440584,
            0.11369250002676944,
            0.05987076215228351,
            0.11309919556276962
        ],
        "percentage_diff": [
            -33.893275188927014,
            -38.176765427150464,
            -30.578834382730985,
            -31.899095427520262,
            -32.895294140104156,
            -33.93476514926018,
            -35.86512291859344,
            -32.852195831997655,
            -34.34149235092624,
            -32.37423493332654,
            -35.27584925356937,
            -33.71998718176823,
            -31.41330512959663,
            -35.656862920630275,
            -40.180903181505265,
            -44.52562790471145,
            -38.43365850601717
        ]
    },
    "smoothness_median": {
        "before": [
            0.12663698215782432,
            0.057982636431956634,
            0.03795407797899174,
            0.08271112308668271,
            0.07376597200067998,
            0.09337158881383582,
            0.06410200989876311,
            0.037152829114211985,
            0.03832604063683699,
            0.03450730595137468,
            0.05363334876888959,
            0.04935512083065031,
            0.06748862704241296,
            0.06760427206495932,
            0.1007648771730584,
            0.07770730045335791,
            0.09767455944310902
        ],
        "after": [
            0.10446531493945932,
            0.03873160259082712,
            0.029352371227506075,
            0.06870688456742077,
            0.05882723793258324,
            0.07400632350214398,
            0.046256413867681805,
            0.026261794810845476,
            0.0269984598680824,
            0.025790036259746,
            0.04142779585976369,
            0.03706028236191988,
            0.053823303716929,
            0.04536907978457005,
            0.06858258830227887,
            0.04098319676772896,
            0.061716048393782155
        ],
        "percentage_diff": [
            -17.50805083994582,
            -33.20137721526486,
            -22.663458604492675,
            -16.931505699161228,
            -20.25152473820726,
            -20.739997634936138,
            -27.839370495971995,
            -29.314145283219865,
            -29.555833528671656,
            -25.26209871008898,
            -22.7573947726453,
            -24.910968227424814,
            -20.248335051913326,
            -32.890217735092264,
            -31.93800238103614,
            -47.25952834723911,
            -36.81461299067446
        ]
    },
    "mean_velocity": {
        "before": [
            2.4263653184165066,
            1.2467093208367828,
            1.2801197047910724,
            1.9797529315948204,
            2.0492080361626854,
            2.2670031288747383,
            1.7099644108311058,
            1.1814929093955906,
            1.082133471252798,
            1.1276826031182605,
            1.4782459197520492,
            1.550815609756533,
            1.8412918985783253,
            1.8541476203080827,
            2.037003374456414,
            1.0526066183423224,
            2.0652050598709235
        ],
        "after": [
            2.162743647035748,
            1.1841141992283926,
            1.261684396646586,
            1.8777885620805592,
            2.0000807107457836,
            2.208920766428412,
            1.6146979574583975,
            1.141833949537892,
            1.0523091410949637,
            1.1183768933784788,
            1.3865975141946336,
            1.514476029109052,
            1.8141580362971517,
            1.8371934063202104,
            1.9062386253215666,
            0.9991017297883498,
            1.8742424168169183
        ],
        "percentage_diff": [
            -10.864879636212542,
            -5.0208272740254145,
            -1.4401237693232107,
            -5.150358304160822,
            -2.397381063803402,
            -2.5620768540869436,
            -5.571253575178522,
            -3.35668200310967,
            -2.7560676155138513,
            -0.8252064644829711,
            -6.199807781156472,
            -2.343256053063985,
            -1.4736317637699865,
            -0.9143939674584883,
            -6.419466495471217,
            -5.083084945659356,
            -9.24666740192572
        ]
    },
    "std_velocity": {
        "before": [
            1.7361265242166495,
            1.1269366197049562,
            1.1149673814939387,
            1.5453602909206814,
            1.6949661083196694,
            1.4998462848136522,
            1.5503348281481388,
            1.328545420700089,
            0.9904171993697249,
            0.9148318055479024,
            1.4779604348991335,
            1.4300577494211177,
            1.5847150225030158,
            1.617288271058919,
            1.6193595678154875,
            0.8606526367677664,
            1.453904429459642
        ],
        "after": [
            1.4693765165627148,
            0.9937688859166491,
            1.0504538260212324,
            1.3689218385019544,
            1.6516732991576109,
            1.4634446532151857,
            1.3991326069727505,
            1.2828885306679387,
            0.9385691956176178,
            0.8885596008425922,
            1.3057689279179532,
            1.3578356145608128,
            1.4991620002271684,
            1.5736230088573604,
            1.468170021674904,
            0.8008098851532042,
            1.2064144311901093
        ],
        "percentage_diff": [
            -15.364664034166161,
            -11.81679000041473,
            -5.786138369919393,
            -11.417302065760344,
            -2.5541991046049626,
            -2.427024153544458,
            -9.752875213156244,
            -3.436607384344528,
            -5.234966010798467,
            -2.8718070956852575,
            -11.650616817285227,
            -5.050294989103776,
            -5.3986376768687805,
            -2.6999059464500235,
            -9.336378970146686,
            -6.95318285891801,
            -17.022439250805142
        ]
    },
    "median_velocity": {
        "before": [
            2.1666763369045228,
            0.9200790687567968,
            0.977780603751957,
            1.5973967777707094,
            1.6309677993559621,
            2.036103639164546,
            1.2374717519807414,
            0.673872339120875,
            0.8013077569549851,
            0.8880011777481771,
            0.962205376593099,
            1.059865136634279,
            1.3825417375330726,
            1.3732034423247912,
            1.614939879392522,
            0.8444429322352649,
            1.5682159226392645
        ],