{
    "smoothness_mean": {
        "before": [
            0.08205461407665592,
            0.16820633437934743,
            0.10725399207668503,
            0.12118334855440908,
            0.07794635575911596,
            0.12877675955496246,
            0.11452783916169196,
            0.16793887377656386,
            0.14768408822960893,
            0.18597694967022158,
            0.27787193607029,
            0.6739557080138383,
            0.5591232904578745,
            0.4223577562118219,
            0.09833429728620205,
            0.10630918180236322,
            0.1570538845116332,
            0.11725074993937422,
            0.1664397607506565,
            0.14657563367179438,
            0.19845869221951837
        ],
        "after": [
            0.05620126895671596,
            0.11395673540589388,
            0.07192637918605747,
            0.07909907715058656,
            0.05127307140919055,
            0.08243419296225982,
            0.07348677788236499,
            0.10684300359306917,
            0.09684856016985872,
            0.117979002522152,
            0.17449365605910977,
            0.46489481256335574,
            0.5692923101942126,
            0.261553913028916,
            0.0640378176481158,
            0.067925933930147,
            0.08764776857556389,
            0.07558149050563617,
            0.11774960537871551,
            0.09176412262067618,
            0.11762206204184353
        ],
        "percentage_diff": [
            -31.507484875606877,
            -32.25181689716103,
            -32.938273165038765,
            -34.727767392008865,
            -34.22005312519812,
            -35.9867469509694,
            -35.83500883255524,
            -36.379826069799876,
            -34.42180445378427,
            -36.56256717224636,
            -37.20356991539794,
            -31.01997549165203,
            1.8187437207293833,
            -38.072899293995484,
            -34.87743400277354,
            -36.105298922884735,
            -44.19254967929705,
            -35.538586708642455,
            -29.253920548998952,
            -37.39469492852386,
            -40.73221952317419
        ]
    },
    "smoothness_median": {
        "before": [
            0.04576870894993037,
            0.07444876670297161,
            0.06054823676098442,
            0.0669443108978571,
            0.047661068886434683,
            0.06903420840632546,
            0.05852980452675656,
            0.08694521240918715,
            0.07709050895185306,
            0.1009560247982416,
            0.1143889865335522,
            0.4913207510307447,
            0.3750422181647649,
            0.21896838052224057,
            0.0510123702058546,
            0.05770746806553037,
            0.09810966800069526,
            0.07266719777633159,
            0.08516730281285849,
            0.07324250603918357,
            0.10436514676555317
        ],
        "after": [
            0.03506916588275529,
            0.061138885553505426,
            0.04623060319190934,
            0.05018270271853648,
            0.033116650784565334,
            0.04883297174598255,
            0.04178098925234517,
            0.0619670443532777,
            0.05712860642885011,
            0.06789553770493974,
            0.08989898077363401,
            0.38638203558826734,
            0.4151408858306281,
            0.15267889593071407,
            0.03579828951424695,
            0.04090967234409991,
            0.05453215937379744,
            0.04758692850335764,
            0.07020952664720606,
            0.053374681789886254,
            0.06994069295348371
        ],
        "percentage_diff": [
            -23.37741944803395,
            -17.87790683298844,
            -23.646656508915818,
            -25.038136855117227,
            -30.51634896507533,
            -29.262646920554698,
            -28.615874270953302,
            -28.728629632136144,
            -25.894111732314766,
            -32.74741369757032,
            -21.40940880941791,
            -21.35849447073542,
            10.691774345321006,
            -30.27354197598109,
            -29.82429679352864,
            -29.108530116683568,
            -44.41714003821622,
            -34.51387977030653,
            -17.56281538998569,
            -27.12608473373146,
            -32.98462645714558
        ]
    },
    "mean_velocity": {
        "before": [
            1.280994167526148,
            2.1411925978074695,
            1.6819445968517082,
            1.6287506844041384,
            1.2365331120121432,
            1.6300082902808424,
            1.3981285882585446,
            1.991790251150227,
            1.8083181297880064,
            2.3880352330104113,
            2.8299139671021254,
            8.194203954557581,
            null,
            3.440716119835811,
            1.296828704484572,
            1.5435467662579752,
            1.632934754034504,
            1.9340362220304097,
            1.960333994826333,
            1.757905922583564,
            2.177229019081835
        ],
        "after": [
            1.2606519960911085,
            2.0388279338757136,
            1.6503462799782802,
            1.5636159822110334,
            1.2140582584617907,
            1.5527811211790732,
            1.3035896852811748,
            1.8911059421359295,
            1.7082324829662314,
            2.2323447950337596,
            2.589147937693899,
            8.060882446477535,
            null,
            3.1556528629435725,
            1.268638931610579,
            1.484184872467767,
            1.5365902390533628,
            1.918621063695027,
            1.787101318311617,
            1.6297015284184875,
            2.0644640790406052
        ],
        "percentage_diff": [
            -1.587998755242135,
            -4.780731263342443,
            -1.8786776290119311,
            -3.9990590835535937,
            -1.8175698921463084,
            -4.737839038135403,
            -6.761817458802113,
            -5.054965449105593,
            -5.534736680072344,
            -6.519603891287015,
            -8.507892190615758,
            -1.6270220856034856,
            null,
            -8.284997859859525,
            -2.173746831521372,
            -3.8458111595879454,
            -5.9000835607854,
            -0.79704599943839,
            -8.836896007104283,
            -7.293017932191546,
            -5.1792870227673165
        ]
    },
    "std_velocity": {
        "before": [
            1.0930298880504281,
            1.8941893350452546,
            1.277137013210094,
            1.2406463821677007,
            1.0379878881897513,
            1.3542350839395108,
            1.1726535869841326,
            1.7147126561157517,
            1.4712196119284686,
            2.0108224650126463,
            2.443474772383473,
            4.336085864070963,
            null,
            2.848440042414266,
            1.1445115349386108,
            1.2204158102650249,
            1.327321365802002,
            1.66403332774076,
            1.6097427720216533,
            1.3894840439652367,
            1.6753105406744584
        ],
        "after": [
            1.0307086555884888,
            1.700379885228937,
            1.2019849652611205,
            1.1403198322078383,
            1.0100779280263583,
            1.2378065691664484,
            1.0237840829796279,
            1.570538716549937,
            1.3263594627265205,
            1.8966137064357884,
            2.0980270825167393,
            4.267925533539945,
            null,
            2.471222759720066,
            1.0707013050356635,
            1.1273317841041137,
            1.2096960075649987,
            1.616471747115675,
            1.3726043351029416,
            1.2150066979708698,
            1.530062820161374
        ],