{
    "smoothness_mean": {
        "before": [
            0.12507604224225088,
            0.09050136964184646,
            0.07888336908517114,
            0.11335460229208535,
            0.06342025086242735,
            0.10122216953063792,
            0.1137724930778154,
            0.15512724646617165,
            0.12869603798891838,
            0.17966559625523026,
            0.121387338051225,
            0.054426425187213356,
            0.17531797919498932,
            0.14407620207262697,
            0.09721211802192942,
            0.08183089693433684,
            0.24543499497688734,
            0.1110661586716679,
            0.2121324336455363,
            0.0628280778200862,
            0.15976184346935493,
            0.13264224470308214,
            0.18370296629339805
        ],
        "after": [
            0.08258988445778705,
            0.05957919113632228,
            0.05068836766768988,
            0.07228197862477091,
            0.042456558471807876,
            0.06712810894679398,
            0.09492390988910475,
            0.10307977642132307,
            0.08892809635707453,
            0.11590872625529591,
            0.07766860406912954,
            0.0355108614219316,
            0.10965124321322331,
            0.09546370920567614,
            0.05947034798729777,
            0.05359490910787167,
            0.1716136931656967,
            0.07405257149023689,
            0.1288712913052081,
            0.0628280778200862,
            0.15976184346935493,
            0.08640918932381407,
            0.11309919556276962
        ],
        "percentage_diff": [
            -33.968262045080884,
            -34.16763594617051,
            -35.742643531159075,
            -36.23375040519392,
            -33.05520256628185,
            -33.6824044988725,
            -16.566907060583652,
            -33.55146902333401,
            -30.900672820454766,
            -35.48640993535696,
            -36.01589315983379,
            -34.75437473656763,
            -37.45579106221115,
            -33.74082059884248,
            -38.82414127230284,
            -34.50528942524293,
            -30.077740877230003,
            -33.32571111138364,
            -39.249605027137804,
            0.0,
            0.0,
            -34.85545308944381,
            -38.43365850601717
        ]
    },
    "smoothness_median": {
        "before": [
            0.06485755037210784,
            0.04654087500902768,
            0.04188803109741699,
            0.04852327822789887,
            0.03586667502928542,
            0.04952075321914934,
            0.07588268112173122,
            0.08097282095989619,
            0.07593933052823104,
            0.09158270506414996,
            0.05754934022865432,
            0.033640187609333634,
            0.08296833888115773,
            0.07284517410104809,
            0.07165510967682993,
            0.045989824792767434,
            0.13196201677982608,
            0.048490596840465035,
            0.10934205814118775,
            0.057756917186265556,
            0.10090329009455964,
            0.07771443943137535,
            0.09767455944310902
        ],
        "after": [
            0.04877799503036096,
            0.035242848351631995,
            0.028619241132564407,
            0.03430414435048128,
            0.026235992831616605,
            0.03737601485247031,
            0.06583361121277365,
            0.06072440618390896,
            0.05554640843650391,
            0.06846158973231642,
            0.04464375407700617,
            0.02300129936853989,
            0.06682659527895685,
            0.05542595570558845,
            0.046748100313964924,
            0.033658898991625885,
            0.10697506948995375,
            0.03726418198962311,
            0.07388834784882675,
            0.057756917186265556,
            0.10090329009455964,
            0.05553101701917845,
            0.061716048393782155
        ],
        "percentage_diff": [
            -24.792110169893093,
            -24.275492575513823,
            -31.6768050854288,
            -29.30373708601201,
            -26.8513381566741,
            -24.524542898072767,
            -13.24290307143579,
            -25.00643368472461,
            -26.854229488033088,
            -25.246158994362684,
            -22.425254747268752,
            -31.625531832176623,
            -19.455305264484096,
            -23.91265943203918,
            -34.75957189263619,
            -26.812291320319982,
            -18.934954087252365,
            -23.15173576389879,
            -32.42458656355403,
            0.0,
            0.0,
            -28.54478855475199,
            -36.81461299067446
        ]
    },
    "mean_velocity": {
        "before": [
            1.6477741737313523,
            1.3445138358384545,
            1.0800090666800766,
            1.423980638338376,
            1.0594208881378506,
            1.3455362260568247,
            null,
            1.95498217175342,
            2.062130475567455,
            2.1431932065161337,
            1.6780618022599396,
            0.9048917270985513,
            2.160303460650981,
            1.7950250672293109,
            null,
            1.1495778926463305,
            null,
            1.3232069293386344,
            2.3081544109391117,
            null,
            null,
            1.7300683362251497,
            2.0652050598709235
        ],
        "after": [
            1.5860288997266057,
            1.3035925184885715,
            1.0591137849872416,
            1.3369612582142159,
            1.0477820949729257,
            1.2754632324193869,
            null,
            1.8572211245995218,
            2.0873845746008377,
            1.9939955179720719,
            1.6267555166410437,
            0.8882911526606941,
            2.035602446559284,
            1.6863551111639077,
            null,
            1.1099018650230272,
            null,
            1.2618205181615767,
            2.1646470907136144,
            null,
            null,
            1.6445022629032273,
            1.8742424168169183
        ],
        "percentage_diff": [
            -3.7471927275644608,
            -3.043577258865768,
            -1.9347320626730076,
            -6.110994614765399,
            -1.098599555213835,
            -5.207811746755488,
            null,
            -5.000610673918136,
            1.2246605795607244,
            -6.961467033883986,
            -3.0574729458592587,
            -1.8345370988289695,
            -5.772384128576062,
            -6.0539520059816985,
            null,
            -3.4513561783942235,
            null,
            -4.639214760441124,
            -6.217405540347229,
            null,
            null,
            -4.945820435545318,
            -9.24666740192572
        ]
    },
    "std_velocity": {
        "before": [
            1.3476963549547083,
            1.1711764446395272,
            1.06253498469653,
            1.4038838142791539,
            0.9769750822115362,
            1.1531382809637767,
            null,
            1.5332943006163366,
            1.8680824264915292,
            1.6758220533084256,
            1.2103959876257269,
            0.8561578968280183,
            1.5539771774721003,
            1.558340619387644,
            null,
            1.0274794271956227,
            null,
            1.3811102987733994,
            1.6598862864648105,
            null,
            null,
            1.2695715502629126,
            1.453904429459642
        ],