{
    "smoothness_mean": {
        "before": [
            0.054581076931325405,
            0.04825966106896494,
            0.09148604452883444,
            0.16271209909607018,
            0.09307072345174007,
            0.12659630695754756,
            0.1500838840843068,
            0.04923021491421186,
            0.072215437786182,
            0.094331659015789,
            0.40181843523506766,
            0.11092448220509347,
            0.1518279872675105,
            0.10205863633626336
        ],
        "after": [
            0.03625275935586218,
            0.031178321589969592,
            0.060908630943726685,
            0.10761382895715882,
            0.0639306523944466,
            0.08466292157592015,
            0.09734155283114702,
            0.03160501267627187,
            0.04821449236831797,
            0.06327600920279124,
            0.26800436889892437,
            0.07362621912240629,
            0.09618401043186674,
            0.06984259485564667
        ],
        "percentage_diff": [
            -33.579985236502644,
            -35.394652802441875,
            -33.42303598607371,
            -33.86242968101571,
            -31.30959981460062,
            -33.123703518214974,
            -35.14190186038414,
            -35.80159515584792,
            -33.23520033060918,
            -32.92176787413411,
            -33.30212220299469,
            -33.62491520467473,
            -36.649354204770496,
            -31.566208051684225
        ]
    },
    "smoothness_median": {
        "before": [
            0.03211193738732049,
            0.024682897897755827,
            0.05014161145562783,
            0.0806350271866342,
            0.052048701012168554,
            0.07172801729168847,
            0.07729760283956895,
            0.027462164712476773,
            0.03852660841298837,
            0.049415593652163026,
            0.21839683112246217,
            0.05361836389495919,
            0.07915668462914259,
            0.06626001153051912
        ],
        "after": [
            0.021964141360474868,
            0.016478193479418736,
            0.036406279171682834,
            0.06101969175494123,
            0.03841283318816013,
            0.05305051823110046,
            0.05652663816453555,
            0.018427269351977353,
            0.028014578291322097,
            0.03587081580996469,
            0.18363992638162394,
            0.04145909367489172,
            0.05700555388650071,
            0.04841857296401059
        ],
        "percentage_diff": [
            -31.601319797205736,
            -33.2404422378746,
            -27.393081086155156,
            -24.32607281980845,
            -26.198286525576258,
            -26.03933548676561,
            -26.87142150856024,
            -32.89942892373168,
            -27.28511684439469,
            -27.40992638384594,
            -15.91456458511933,
            -22.677436118506026,
            -27.983904134467313,
            -26.926404258609033
        ]
    },
    "mean_velocity": {
        "before": [
            0.8984861930204289,
            0.7233220912553072,
            1.4429329823051598,
            2.1679586792560803,
            1.5043211085711474,
            1.8404676333651953,
            1.9001655251069034,
            0.8428918424290118,
            1.0547141514878422,
            1.4313595350774664,
            3.7048595515355944,
            1.4941927213963244,
            1.8294568748444238,
            2.1104275742789063
        ],
        "after": [
            0.8855169889675569,
            0.7085036498457615,
            1.407790591664423,
            2.070426667001336,
            1.476278404279365,
            1.7842526910219252,
            1.8116671915385587,
            0.8338145900787688,
            1.0248776316282733,
            1.389385304646851,
            3.411476009758373,
            1.4462471056403794,
            1.7203143302371475,
            2.119296813503645
        ],
        "percentage_diff": [
            -1.4434505675900866,
            -2.0486642933618495,
            -2.435483218672767,
            -4.49879479659695,
            -1.8641435084573272,
            -3.054383642731282,
            -4.657401284204742,
            -1.0769178076376416,
            -2.8288726208404205,
            -2.93247289740825,
            -7.918884311164219,
            -3.208797303679796,
            -5.965844076896192,
            0.4202579293804658
        ]
    },
    "std_velocity": {
        "before": [
            0.9468237974994934,
            0.8518290496756303,
            1.2418166672135198,
            1.822008599567335,
            1.3622781861956736,
            1.4523615491972346,
            1.506239568056314,
            0.8604180604354417,
            1.0065095729871678,
            1.179704037864924,
            2.346244212235699,
            1.2406585838460853,
            1.4444188298732816,
            1.3798024707220196
        ],
        "after": [
            0.919340681282862,
            0.8160833436562297,
            1.1730158358095866,
            1.687621502862153,
            1.3110456223595013,
            1.3692801726124626,
            1.3734488950898656,
            0.8336667077603863,
            0.9360061149553781,
            1.0994685403342273,
            1.8744835143877603,
            1.1547693044927476,
            1.3041916441414725,
            1.3623889081220206
        ],
        "percentage_diff": [
            -2.9026642854998763,
            -4.196347381321677,
            -5.540337251094691,
            -7.375766323885314,
            -3.760800426471298,
            -5.720433498855272,
            -8.816039346105125,
            -3.1091110130251085,
            -7.0047478855611995,
            -6.801324311469692,
            -20.10705856567272,
            -6.922877935288038,
            -9.708208092531667,
            -1.2620330061365095
        ]
    },
    "median_velocity": {
        "before": [
            0.5967998675579854,
            0.46543736952272585,
            1.086666227483967,
            1.613679144615456,
            1.0897636418443832,
            1.4573804970729123,
            1.5118415027272918,
            0.561631276250009,
            0.7466589286025641,
            1.0957515529536876,
            3.611597778045132,
            1.163678150626306,
            1.465597256173155,
            2.225873248562341
        ],
        "after": [
            0.5917746703662847,
            0.46124157409594074,
            1.086258888190346,
            1.6086011809945058,
            1.0895204248036767,
            1.437826437517621,
            1.4888227935325737,
            0.565670624975794,
            0.7456465338368209,
            1.1024386849134995,
            3.3457314824013626,
            1.1538078958542284,
            1.417863963934452,
            2.3740257313698296
        ],
        "percentage_diff": [
            -0.842023844988947,
            -0.901473689379005,
            -0.037485226219272645,
            -0.31468236036230335,
            -0.022318329531977776,
            -1.3417264464952512,
            -1.5225610061103207,
            0.7192171975812355,
            -0.13558998988172577,
            0.6102781184097932,
            -7.36145916524725,
            -0.8481945602197144,
            -3.2569174128600804,
            6.655926293340299
        ]
    },
    "median_jerk": {
        "before": [
            39.077830694674944,
            28.59643545040891,
            71.78689433700598,
            117.97582367248549,
            76.93768783975514,
            103.42902181724072,
            109.82730449958751,
            33.98147767799485,
            52.398436559040256,
            70.77619874455452,
            344.49037489504445,
            80.39675273602383,
            107.4910703542927,
            null
        ],