{
    "smoothness_mean": {
        "before": [
            0.05339563256248784,
            0.13662136370381237,
            0.14200906775787317,
            0.07690153027525554,
            0.14408917789795866,
            0.11778732491808408,
            0.10656270449919576,
            0.05701817706158228,
            0.11091741150276288,
            0.11339426818074892,
            0.09717267510723208,
            0.09099012234757108
        ],
        "after": [
            0.0353568650867548,
            0.09091158975304635,
            0.09041047648849028,
            0.05114639323666654,
            0.09102111475098978,
            0.07971041512204896,
            0.06833935774837459,
            0.03827712187420664,
            0.07263069853267942,
            0.07247391227567777,
            0.06442295339993338,
            0.051584249455037375
        ],
        "percentage_diff": [
            -33.78322647385558,
            -33.45726664671735,
            -36.3347158629046,
            -33.491059210919474,
            -36.830013135719824,
            -32.326831280459025,
            -35.86934747053989,
            -32.86856254126544,
            -34.51821715937697,
            -36.08679394609669,
            -33.702603814455756,
            -43.30785790352948
        ]
    },
    "smoothness_median": {
        "before": [
            0.031563648952321985,
            0.06833272690233827,
            0.06420369915871761,
            0.04139196146225177,
            0.06371367415939783,
            0.0674988800676075,
            0.05600652564653211,
            0.03260515532028615,
            0.05257009274493098,
            0.05951600371086346,
            0.04975217840843505,
            0.06858001372344262
        ],
        "after": [
            0.02173859409758875,
            0.053410632571128235,
            0.048455081855217824,
            0.02965321061041527,
            0.0460494051388776,
            0.05138754564378602,
            0.04051096762297354,
            0.023911803365703494,
            0.03886656595809955,
            0.04361663274282518,
            0.037678584995386406,
            0.04152797553552513
        ],
        "percentage_diff": [
            -31.127753541975867,
            -21.837405014637895,
            -24.529143195577745,
            -28.35997724471668,
            -27.72445515593411,
            -23.869039616189518,
            -27.667415260418032,
            -26.6625074138931,
            -26.0671535302794,
            -26.71444649623908,
            -24.267466871363506,
            -39.445950385790496
        ]
    },
    "mean_velocity": {
        "before": [
            0.8279175286978084,
            1.6703984503417313,
            1.7203100735760926,
            1.0576751056460392,
            1.6111706029500081,
            1.81175573482427,
            1.327711934696195,
            0.9010925501318643,
            1.450363919943722,
            1.459173902536588,
            1.4834133772343463,
            null
        ],
        "after": [
            0.8085571195581086,
            1.5846009090877142,
            1.6183242639603506,
            1.0215459406762248,
            1.495800446649255,
            1.7624491919071057,
            1.253051551530161,
            0.8893484955749532,
            1.380123580847424,
            1.3978575201376153,
            1.431376338621592,
            null
        ],
        "percentage_diff": [
            -2.3384465805610954,
            -5.136351822911746,
            -5.928338802535703,
            -3.4159038798352213,
            -7.160641839511824,
            -2.721478506700952,
            -5.623236578280637,
            -1.3033128012424997,
            -4.842945837967586,
            -4.202129868988331,
            -3.5079256673396926,
            null
        ]
    },
    "std_velocity": {
        "before": [
            0.8028506707789632,
            1.4407284071005324,
            1.5294289076147167,
            1.0024822041479913,
            1.5368151368247167,
            1.385795968045488,
            1.1781848376710549,
            0.8250178466479305,
            1.2705874764643106,
            1.1808777507340213,
            1.2181820223430262,
            null
        ],
        "after": [
            0.7534643432604237,
            1.279683571000106,
            1.3864310674581064,
            0.9139945665225452,
            1.3622665561562692,
            1.3115219701092236,
            1.047211675636339,
            0.7866845431782361,
            1.1460990789889447,
            1.0765445739182045,
            1.1274942715227447,
            null
        ],
        "percentage_diff": [
            -6.15137152101058,
            -11.178014905982824,
            -9.349753979714457,
            -8.826853709652797,
            -11.357812432085371,
            -5.359663301735522,
            -11.116520756930937,
            -4.646360515162631,
            -9.797703800904937,
            -8.835222507237898,
            -7.44451561071756,
            null
        ]
    },
    "median_velocity": {
        "before": [
            0.6050828270973654,
            1.2791266502498886,
            1.2167859655140698,
            0.7360564167448151,
            1.069214719973874,
            1.4645567235858727,
            0.9739018965666673,
            0.6701518226204165,
            1.0654704165947506,
            1.1596082309297195,
            1.153678475582502,
            null
        ],
        "after": [
            0.5982573522569747,
            1.2836414302431016,
            1.210276218214154,
            0.7347403815639421,
            1.0475177431459954,
            1.4537429630989256,
            0.9680583454857039,
            0.662677099465069,
            1.0622266083340839,
            1.154093830894394,
            1.1433621845815929,
            null
        ],
        "percentage_diff": [
            -1.12802322834595,
            0.3529580118068085,
            -0.5349952649368022,
            -0.17879542259725267,
            -2.0292441193111035,
            -0.738364060114405,
            -0.6000143445211308,
            -1.1153775761020743,
            -0.30444845864739767,
            -0.47553991841747817,
            -0.8942085008303856,
            null
        ]
    },
    "median_jerk": {
        "before": [
            39.255709503614824,
            101.21026289489228,
            90.50850900973997,
            54.20337784183044,
            83.72049089300731,
            104.26702804993775,
            74.8076281572447,
            45.808637927992216,
            74.48941924810254,
            80.77555421132672,
            81.91027261972317,
            null
        ],
        "after": [
            38.25867511144688,
            103.38613043662096,
            86.80298375600009,
            53.114840452143625,
            79.1775586602588,
            102.21736592997664,
            73.5109452713312,
            44.83112092975184,
            73.34410454157413,
            78.43305505829558,
            80.1685984361313,
            null
        ],
        "percentage_diff": [
            -2.53984555310645,
            2.149848720369727,
            -4.094118104786273,
            -2.0082464101467026,
            -5.426308642354075,
            -1.965781664918507,
            -1.7333565010080079,
            -2.1339141316032135,
            -1.5375535453078248,
            -2.9000100041438843,
            -2.12631960300971,
            null
        ]
    },
    "mean_jerk": {
        "before": [
            54.71987122124746,
            133.5132201960659,
            124.90990864690384,
            76.45920335347544,
            121.7609398009015,
            131.04956773172012,
            100.13361870045469,
            61.15739136426395,
            102.2369795038632,
            104.50241937760045,
            104.19549919491686,
            null
        ],