{
    "smoothness_mean": {
        "before": [
            0.10943035040852728,
            0.07499826256830594,
            0.12791287163157525,
            0.05895358188062087,
            0.08523057042193273,
            0.08272907660996345,
            0.13266524155590306,
            0.07015194139502919,
            0.12955022430405014,
            0.0769884653419486,
            0.07470536250764206,
            0.1156202858159264,
            0.10373033389051516,
            0.012169532277991663,
            0.20785401610590035,
            0.09984409031762415,
            0.0758686313715268
        ],
        "after": [
            0.06650916202169319,
            0.0467478871783914,
            0.06285114219551761,
            0.040667117126926784,
            0.05403190982785791,
            0.05279720288652038,
            0.08135609236173354,
            0.045844596687873,
            0.07653380219648367,
            0.04602956645695065,
            0.049559080957712026,
            0.06884753505165653,
            0.06433513765016134,
            0.012169532277991663,
            0.1172209631376003,
            0.05975343256949624,
            0.04599800092985108
        ],
        "percentage_diff": [
            -39.222380469951865,
            -37.66803979516863,
            -50.864098824591764,
            -31.018411723860307,
            -36.60501207445438,
            -36.18059689528583,
            -38.67565354151083,
            -34.64956810001918,
            -40.92345064809664,
            -40.212386034053615,
            -33.66061110721158,
            -40.45375812228536,
            -37.978472412837775,
            0.0,
            -43.604186566269206,
            -40.15326056914481,
            -39.37151613477774
        ]
    },
    "smoothness_median": {
        "before": [
            0.04554247065269292,
            0.03819810762051662,
            0.06889956694587693,
            0.02835820895522384,
            0.0407122086137709,
            0.035319967961769394,
            0.05123656716708058,
            0.03210094302483304,
            0.05937499999999999,
            0.03230672524679724,
            0.035914018915692236,
            0.045198042254790315,
            0.048654359758182664,
            0.0,
            0.09401505996610555,
            0.05588235294117644,
            0.04263425073255055
        ],
        "after": [
            0.03330219233574617,
            0.02576750362548077,
            0.03511897992994503,
            0.017668224546761983,
            0.028446670270045535,
            0.026922194716241698,
            0.0481646930810719,
            0.023082803650232173,
            0.040937606800374164,
            0.02106362937668168,
            0.025947681917209107,
            0.03180670048038991,
            0.038127792143019,
            0.0,
            0.06920793431375985,
            0.03661408813084303,
            0.029056483669439578
        ],
        "percentage_diff": [
            -26.876623383678872,
            -32.54246026669457,
            -49.028736338020465,
            -37.696260808786604,
            -30.127420646927394,
            -23.776276509133616,
            -5.995472093185736,
            -28.093066822443514,
            -31.05245170463298,
            -34.801100341267656,
            -27.750547834479327,
            -29.628145615048457,
            -21.635404653317448,
            0,
            -26.386331786938396,
            -34.48005281849139,
            -31.8470873295882
        ]
    },
    "mean_velocity": {
        "before": [
            1.472955162674585,
            1.259389658915159,
            1.0817491966223702,
            1.0928558763063283,
            1.4127256637900067,
            1.3518457753926738,
            1.6092563186918636,
            1.2768474671550953,
            1.6564236727462074,
            1.154129426071096,
            1.33682448968894,
            1.6734659062303847,
            1.5817380133999248,
            null,
            1.5492975615742595,
            1.4360685888956277,
            1.2217039838035786
        ],
        "after": [
            1.3684383565780383,
            1.2195854174159009,
            0.9501787738594271,
            1.0615501283406117,
            1.3729244811255659,
            1.2995204674164123,
            1.4475081567782309,
            1.2318634698401074,
            1.5376850687152706,
            1.1155310332654067,
            1.3110227617269299,
            1.598400639239958,
            1.5149830789383738,
            null,
            1.21220347838593,
            1.359603449694155,
            1.1804928655548221
        ],
        "percentage_diff": [
            -7.095722174378041,
            -3.1605977719036984,
            -12.162747444024525,
            -2.864581565093913,
            -2.817332740856691,
            -3.8706566184343405,
            -10.051112432177057,
            -3.523051771815422,
            -7.168371593849446,
            -3.3443729909119835,
            -1.930075949462437,
            -4.485616749702258,
            -4.220353427434052,
            null,
            -21.757865728892277,
            -5.324616093739394,
            -3.373249068113232
        ]
    },
    "std_velocity": {
        "before": [
            1.5223664593895887,
            1.2144949503359825,
            1.0065905391972507,
            1.3294681706825244,
            1.4750903507787159,
            1.3900221184394177,
            1.263969762578169,
            1.3716171880070827,
            1.5041818384713737,
            1.3996566475484595,
            1.4075337868521,
            1.6321167270527515,
            1.456420224036049,
            null,
            1.356129316087251,
            1.2348208370532954,
            1.0864728739374054
        ],
        "after": [
            1.3468902490865873,
            1.1321020891124007,
            0.7493225364258338,
            1.2900057787191768,
            1.4012562665884996,
            1.308948841541561,
            1.0638232402898273,
            1.2964828057585844,
            1.3477807687777266,
            1.3056534378084375,
            1.356241510909894,
            1.4929439108669234,
            1.3735248141286094,
            null,
            0.9964633814113562,
            1.179009480595435,
            1.0344814448950854
        ],
        "percentage_diff": [
            -11.526542063555494,
            -6.784125467198388,
            -25.558356924016636,
            -2.968284072802465,
            -5.00539401883,
            -5.8325170385689855,
            -15.834755562514003,
            -5.4777953284229515,
            -10.397750171787065,
            -6.716162131953683,
            -3.6441239578994025,
            -8.527136195530819,
            -5.691723346007855,
            null,
            -26.52150723454713,
            -4.519793866699348,
            -4.785340737859543
        ]
    },
    "median_velocity": {
        "before": [
            0.9193548387096774,
            0.8516382339886001,
            0.8264174232487319,
            0.5180698216009297,
            0.8744450547969699,
            0.8586202307704445,
            1.2358606248182786,
            0.7660044739368225,
            1.2183518160126368,
            0.6612557950105218,
            0.8175453472790775,
            1.1545835366650323,
            1.1200523497534463,
            null,
            1.1159516485104035,
            1.0623564487009924,
            0.9155376138526079
        ],