{
    "smoothness_mean": {
        "before": [
            0.09135809906955616,
            0.1252710977935093,
            0.08714999086631439,
            0.06601820845947838,
            0.06365936047016962,
            0.08163813354461885,
            0.11458858772748372,
            0.09092064832523741,
            0.11418385459414289,
            0.07327195129419957,
            0.1065544096311793,
            0.08850101280151629,
            0.22455314815683075,
            0.13947375412554394,
            0.152682015911321,
            0.21121308829547897,
            0.2020159874855256,
            0.09903967637327586,
            0.0975391178464464
        ],
        "after": [
            0.05514071556493361,
            0.06404489792444508,
            0.053478310641734673,
            0.04665509941258306,
            0.03997296927289239,
            0.053876908838537046,
            0.06813178060516771,
            0.05918941764773129,
            0.06599773865347047,
            0.04772067056470245,
            0.06513012736378292,
            0.05533206610308908,
            0.22455314815683075,
            0.08345909919468851,
            0.152682015911321,
            0.11620871530011659,
            0.2020159874855256,
            0.060347761100301094,
            0.05675533391521093
        ],
        "percentage_diff": [
            -39.64331993931724,
            -48.87496074312885,
            -38.636470170411286,
            -29.329952294570806,
            -37.20802568913102,
            -34.00521729334866,
            -40.54226345192444,
            -34.89991686376733,
            -42.200463552352474,
            -34.87184424351455,
            -38.87617829311784,
            -37.47860690907135,
            0.0,
            -40.16143057312072,
            0.0,
            -44.980343671910575,
            0.0,
            -39.06708572748842,
            -41.81274634392372
        ]
    },
    "smoothness_median": {
        "before": [
            0.042153300281795,
            0.07809578800243733,
            0.03795898398810832,
            0.030158730158730163,
            0.03503260663495639,
            0.040236764637841316,
            0.045709784905919586,
            0.03894211258708521,
            0.05919573864606743,
            0.0355520163137101,
            0.049826040998016866,
            0.03653846153846163,
            0.08461347746270478,
            0.06184787035797116,
            0.057575757575757586,
            0.10437188714443917,
            0.05783827750607656,
            0.056716417910447764,
            0.047977745323626864
        ],
        "after": [
            0.030529219109457127,
            0.03975733473046118,
            0.024310673377189874,
            0.023287452825185097,
            0.02634925640273572,
            0.03010769254899634,
            0.035394687246412794,
            0.03031132752588585,
            0.04074209276167123,
            0.025401823278765397,
            0.037330380494596756,
            0.02655657845459703,
            0.08461347746270478,
            0.0445950843189153,
            0.057575757575757586,
            0.07872606963860145,
            0.05783827750607656,
            0.03742842162774791,
            0.03343733956497692
        ],
        "percentage_diff": [
            -27.57573213634719,
            -49.09157619458251,
            -35.95541602271059,
            -22.783709053333634,
            -24.786480557105357,
            -25.173674324995122,
            -22.56649791885358,
            -22.16311465357346,
            -31.173943102105618,
            -28.550259837247072,
            -25.078573880508493,
            -27.318837913734622,
            0.0,
            -27.895521606803825,
            0.0,
            -24.571575936292827,
            0.0,
            -34.0077829194971,
            -30.306563304652524
        ]
    },
    "mean_velocity": {
        "before": [
            1.460153066274723,
            1.242627634202047,
            1.286036996183616,
            1.2850358983485206,
            1.167876492521003,
            1.4739699458303221,
            1.4453853505468235,
            1.4673756345898734,
            1.6814375280963392,
            1.3326387121171412,
            1.597182601885645,
            1.343996579314642,
            null,
            1.7065746228939405,
            null,
            2.1761901361739,
            null,
            1.46002325689759,
            1.3336606206750188
        ],
        "after": [
            1.4039574808473716,
            1.1571861665464898,
            1.2477456836950078,
            1.260897593854338,
            1.1445396038838043,
            1.4511711383521901,
            1.3302803059082697,
            1.406614785126789,
            1.5961748335128672,
            1.2869382269788674,
            1.5204456913372246,
            1.2846416847971431,
            null,
            1.562659196095998,
            null,
            1.3191023963728306,
            null,
            1.3896946415446572,
            1.2528503292031514
        ],
        "percentage_diff": [
            -3.8486092126439067,
            -6.8758705587956355,
            -2.9774658584659464,
            -1.878414799555729,
            -1.9982325859494985,
            -1.5467620315208601,
            -7.963623306062067,
            -4.140783588795715,
            -5.070821434561608,
            -3.429322945726996,
            -4.804517057587794,
            -4.416298034610052,
            null,
            -8.432999346603232,
            null,
            -39.3847819431794,
            null,
            -4.816951717767454,
            -6.059284515048967
        ]
    },
    "std_velocity": {
        "before": [
            1.293333581975399,
            1.2027534807339821,
            1.4821111824926976,
            1.3946691560491038,
            0.9372835110388263,
            1.4622459541043387,
            1.4319464395388801,
            1.4708747042115757,
            1.3841482352442853,
            1.3652132433270245,
            1.4647281349268284,
            1.4776734660509405,
            null,
            1.574478090650001,
            null,
            1.787720320253548,
            null,
            1.2262867141180638,
            1.162890490971961
        ],
        "after": [
            1.1942335055622455,
            1.0631023256692291,
            1.3900059385866959,
            1.3684301263106011,
            0.9165333231409957,
            1.4152298211367735,
            1.2404838684205541,
            1.3813683604413676,
            1.2712338126758653,
            1.293952608144109,
            1.3763904107811178,
            1.3748383283531198,
            null,
            1.402006090978959,
            null,
            1.125428434829251,
            null,
            1.169484314593857,
            1.0751349680897961
        ],
        "percentage_diff": [
            -7.6623755691699476,
            -11.610954139956483,
            -6.214462517656331,
            -1.8813802273245976,
            -2.21386460483365,
            -3.2153368477852045,
            -13.370791380994765,
            -6.085245977371385,
            -8.157682804001984,
            -5.219743914090177,
            -6.030997974250258,
            -6.959259948860422,
            null,
            -10.95423306905716,
            null,
            -37.0467280547757,
            null,
            -4.632065150037828,
            -7.546327325182404
        ]
    },