{
    "smoothness_mean": {
        "before": [
            0.09115255416490906,
            0.06519552868675271,
            0.07390876335016656,
            0.08517232091850475,
            0.10542473514461011,
            0.16032402255069572,
            0.11425471804294753,
            0.06649987880153256,
            0.15444860903936797,
            0.09074693717682623,
            0.07769242595794866,
            0.07028007768282238,
            0.0789451624758876,
            0.0,
            0.10618849725533326,
            0.1568557286056571,
            0.07790504484427778,
            0.18584564328152675,
            0.03799375415553443,
            0.09236309906334307,
            0.06272790667240069,
            0.06265078869530792,
            0.16879656732573217
        ],
        "after": [
            0.05521594043544627,
            0.038594565790708066,
            0.04640259526363573,
            0.0509956793610128,
            0.06470045946083526,
            0.09791628257854283,
            0.07081317829870709,
            0.04259752392969216,
            0.07785672128606336,
            0.09074693717682623,
            0.04966695424941386,
            0.04667740210684952,
            0.04604090455409115,
            0.0,
            0.052306171307608125,
            0.0863250012312923,
            0.043723633023708484,
            0.07730022764615326,
            0.036275388008466046,
            0.04789136255733121,
            0.03681409140187122,
            0.03224796912250572,
            0.09525134026565653
        ],
        "percentage_diff": [
            -39.42469199979619,
            -40.80182097127434,
            -37.216382523154266,
            -40.12646501695441,
            -38.6287673646168,
            -38.92600683245648,
            -38.02165940133087,
            -35.94345629287003,
            -49.59053255946243,
            0.0,
            -36.07233441739057,
            -33.583735752958255,
            -41.67989131930215,
            0,
            -50.7421494233632,
            -44.9653500075107,
            -43.87573601798647,
            -58.40622019368211,
            -4.522759556831199,
            -48.14881371132093,
            -41.31146190780052,
            -48.527433103294904,
            -43.57033334579195
        ]
    },
    "smoothness_median": {
        "before": [
            0.041338550284752,
            0.031666666666666676,
            0.036681275809996625,
            0.04265088521442666,
            0.04093106643087874,
            0.05431244826697415,
            0.04857329296052542,
            0.03768187962436689,
            0.059655661950592055,
            0.027142857142857135,
            0.039664275730264036,
            0.03375878663675866,
            0.03483194798868279,
            0.0,
            0.0366894097796191,
            0.029538757738439995,
            0.041984465132951246,
            0.0627975432602921,
            0.03218582694886061,
            0.06270597728133293,
            0.035545751045640096,
            0.053439451805249207,
            0.06132047782826047
        ],
        "after": [
            0.02933501924777977,
            0.0193650536431539,
            0.026258174413157434,
            0.030303343841531293,
            0.031017945179052563,
            0.04164946728825751,
            0.03813418813813412,
            0.025407759745664886,
            0.03306023224501396,
            0.027142857142857135,
            0.02926737858492578,
            0.024063287027264832,
            0.019791636943089646,
            0.0,
            0.019892979772276886,
            0.020814099306482245,
            0.025893205713121325,
            0.028977523458943527,
            0.027941176470588247,
            0.03451401563307793,
            0.022954968149591852,
            0.024041639643324605,
            0.040887075047222166
        ],
        "percentage_diff": [
            -29.037135928300355,
            -38.84719902161929,
            -28.41531862421922,
            -28.950258150137557,
            -24.21906418824122,
            -23.31506198444867,
            -21.491449696183782,
            -32.573003260604274,
            -44.58156834736815,
            0.0,
            -26.212245033899283,
            -28.719929166342627,
            -43.17964372960098,
            0,
            -45.7800496334847,
            -29.536307888141128,
            -38.32669862263124,
            -53.8556415514005,
            -13.187949108831656,
            -44.95897021390897,
            -35.42134439607679,
            -55.011440366304306,
            -33.322314999348
        ]
    },
    "mean_velocity": {
        "before": [
            1.3427597205584958,
            0.9249139105969276,
            1.2087482330339387,
            1.2379219776863901,
            1.543160268965621,
            2.0275150411763865,
            1.6101866108421747,
            1.2509376679569146,
            1.018107607965595,
            null,
            1.4054889985690873,
            1.1893383639810318,
            null,
            null,
            0.7652857639937256,
            null,
            1.007960440588022,
            null,
            null,
            null,
            0.9870730107095659,
            0.6251189095420693,
            1.8585125060727974
        ],
        "after": [
            1.2751806436716333,
            0.8767430886890859,
            1.1636035797377433,
            1.1732256945544255,
            1.4474141853918545,
            1.8300196092329215,
            1.5053020198556317,
            1.2406155920619213,
            0.8046168258787576,
            null,
            1.3611195173019752,
            1.1494372926641239,
            null,
            null,
            0.5845399738053375,
            null,
            0.943153818219363,
            null,
            null,
            null,
            0.95702469194107,
            0.5932836989761384,
            1.657795098474447
        ],
        "percentage_diff": [
            -5.032849574811064,
            -5.208141142212132,
            -3.7348268284854553,
            -5.226200382424627,
            -6.204545665107421,
            -9.74076285169633,
            -6.513815869558455,
            -0.8251471004028365,
            -20.969373022704293,
            null,
            -3.156871474076575,
            -3.3548965143399903,
            null,
            null,
            -23.6180781993313,
            null,
            -6.429480737443656,
            null,
            null,
            null,
            -3.0441840109573457,
            -5.092664784249086,
            -10.799895450931574
        ]
    },
    "std_velocity": {
        "before": [
            1.2716569192239093,
            1.1119407337005265,
            1.1671294537943604,
            1.0702465075256393,
            1.6220089580654082,
            2.0004362858214364,
            1.4552084336994264,
            1.259508843093715,
            1.373907074847456,
            null,
            1.226489140714754,
            1.218471599936013,
            null,
            null,
            1.1802570967987687,
            null,
            1.0470437425913481,
            null,
            null,
            null,
            0.9562924569558107,
            0.5835355953872466,
            1.3789358575588417
        ],