{
    "smoothness_mean": {
        "before": [
            0.07159503054003946,
            0.07847243418440783,
            0.18514004326093506,
            0.042411328835064044,
            0.08411890203101026,
            0.05138838223000596,
            0.11199708036768097,
            0.07263516208981984,
            0.05751200476546977,
            0.06761508233037437,
            0.09783953548337171,
            0.044195096217932175,
            0.10328982542359551,
            0.04958960651878248,
            0.10832358920403869,
            0.12774091722634584,
            0.08649202932914946,
            0.1282953127533709,
            0.08570673321966168,
            0.2127292963067607
        ],
        "after": [
            0.04345733676398946,
            0.049387490955581724,
            0.10269536409830309,
            0.025357834214310333,
            0.05382488999297276,
            0.03477298597792812,
            0.06350263080529268,
            0.04663078547827361,
            0.037681825128062695,
            0.040767715371457555,
            0.060303928805263585,
            0.026198785521556425,
            0.06565979056234451,
            0.031069384042681766,
            0.06967584944047943,
            0.09174954225452013,
            0.056808886021826314,
            0.1282953127533709,
            0.05576072640783251,
            0.10137015362144078
        ],
        "percentage_diff": [
            -39.3011827270805,
            -37.06389833718854,
            -44.53098190456563,
            -40.209762554420465,
            -36.01332317303628,
            -32.33298175784179,
            -43.29974442475051,
            -35.801361025930525,
            -34.48007023624592,
            -39.7061809785837,
            -38.36445716209219,
            -40.720152769061606,
            -36.431502044783976,
            -37.346984128793245,
            -35.678045795512034,
            -28.175290856924185,
            -34.31893497880892,
            0.0,
            -34.940086603323444,
            -52.34781697615236
        ]
    },
    "smoothness_median": {
        "before": [
            0.033930207565501,
            0.03723025798718862,
            0.07804066289944772,
            0.02968750000000009,
            0.0407122086137709,
            0.027142857142857135,
            0.05920980941931449,
            0.032203389830508466,
            0.03433219495280415,
            0.03192218089856965,
            0.03275770574843792,
            0.028358208955223868,
            0.04907488538932665,
            0.031147540983606527,
            0.04752551128988023,
            0.061334504442774836,
            0.055328104904454715,
            0.11747687903314766,
            0.05016992874808759,
            0.048043716058564806
        ],
        "after": [
            0.023915039072120246,
            0.024559694207538743,
            0.06213351860304128,
            0.014757333125439183,
            0.02942395843904901,
            0.016782248819402767,
            0.039021626678137245,
            0.023273580421197492,
            0.025502320225741976,
            0.01978186121793912,
            0.02089383473172388,
            0.015291235876710243,
            0.03786270714690731,
            0.019964475170505116,
            0.04043616873435796,
            0.05616872725472583,
            0.036777702821289546,
            0.11747687903314766,
            0.035992484760429114,
            0.02987279660447293
        ],
        "percentage_diff": [
            -29.516967952662366,
            -34.03297335197078,
            -20.383148611771993,
            -50.29108841957343,
            -27.726941276537975,
            -38.170662244305575,
            -34.09601033877298,
            -27.72940816575514,
            -25.718934484673774,
            -38.03098453456389,
            -36.21703884827093,
            -46.07827348739017,
            -22.847079832116922,
            -35.90352708416773,
            -14.916920119556568,
            -8.422301989687844,
            -33.52799109096468,
            0.0,
            -28.258848161507306,
            -37.821636094805214
        ]
    },
    "mean_velocity": {
        "before": [
            1.133960680902654,
            1.1861672974027013,
            1.7570750668247497,
            0.6595313621861155,
            1.4435541265704492,
            1.0761149220692712,
            1.6273179849837665,
            1.2560314323364936,
            1.260699326298916,
            0.9833714408386548,
            1.2632952610988795,
            0.6022543896628608,
            1.6505183851806917,
            0.9250966186358442,
            1.7587397003024987,
            2.3311712761612338,
            1.3289198421688513,
            null,
            1.5079922470606508,
            null
        ],
        "after": [
            1.092764489006057,
            1.1356320860750153,
            1.5192217453241108,
            0.6374641898324721,
            1.3971163822175556,
            1.0668133996728901,
            1.535684876520086,
            1.217916192866634,
            1.2762742417435564,
            0.9305641998413523,
            1.1652722279179815,
            0.5742118041773853,
            1.6001398630301242,
            0.9151448714275986,
            1.6690450758729907,
            2.239841794337027,
            1.3237592476284106,
            null,
            1.4372790163972333,
            null
        ],
        "percentage_diff": [
            -3.6329471198070027,
            -4.2603780628871455,
            -13.536890141550357,
            -3.3458867339527973,
            -3.216903578338205,
            -0.8643614362762542,
            -5.630928270272553,
            -3.034576881484321,
            1.2354187171944004,
            -5.370019791531322,
            -7.759312980849188,
            -4.656269172429555,
            -3.0522848217199505,
            -1.075752197961829,
            -5.099937438955907,
            -3.917750821578415,
            -0.3883300088302098,
            null,
            -4.689230385716528,
            null
        ]
    },
    "std_velocity": {
        "before": [
            1.086763433319275,
            1.3214827607655244,
            1.3482941546941554,
            0.8901025832742251,
            1.3192231276097006,
            1.3487154235652483,
            1.3868418278545427,
            1.453151279603443,
            0.9650362544753784,
            1.2193544340413374,
            1.65683512072465,
            0.6163901226076183,
            1.5653525299806494,
            0.8210854326661495,
            1.5019747843643032,
            1.946068273861511,
            1.2784421923239078,
            null,
            1.2014444501246315,
            null
        ],
        "after": [
            1.0140373907626112,
            1.2303596265485748,
            1.0667695436831992,
            0.8452092091239063,
            1.2260246662443899,
            1.3395170788033475,
            1.2747803646028848,
            1.4055416630835436,
            0.9525428975544539,
            1.1271407128281132,
            1.4626683182758307,
            0.5632931714439611,
            1.4764660708523896,
            0.7998636751227712,
            1.411338219532016,
            1.8664044539683393,
            1.2203106352583184,
            null,
            1.149440185386304,
            null
        ],