{
    "smoothness_mean": {
        "before": [
            0.18551469769340184,
            0.0821808137374384,
            0.04838672459771796,
            0.11533520129629905,
            0.10200583717080924,
            0.10734211742786816,
            0.09634072620436648,
            0.06171399740621867,
            0.044108149915664786,
            0.0411288973855943,
            0.10776416815222162,
            0.06903206065116908,
            0.0981538206813743,
            0.08296203799667445,
            0.1360725766423994,
            0.06263015825715851,
            0.1692079409262095
        ],
        "after": [
            0.11148105577819019,
            0.04621321552519945,
            0.03230951125343928,
            0.07135837648968868,
            0.0670964622847799,
            0.06556369734788937,
            0.05744221711831708,
            0.039539804787115024,
            0.027825697944596613,
            0.026127908015534346,
            0.06620206127455104,
            0.04364272293197803,
            0.06292742593521439,
            0.05438317614191369,
            0.07643782013498016,
            0.03224855696282124,
            0.0952820043715507
        ],
        "percentage_diff": [
            -39.90715713402194,
            -43.76641770322786,
            -33.22649647799661,
            -38.129577364358,
            -34.22291885862711,
            -38.92080860809652,
            -40.375976618169176,
            -35.9305725622454,
            -36.91483773905816,
            -36.473113367036575,
            -38.56764970241526,
            -36.77905234132841,
            -35.88896947833686,
            -34.44811933851764,
            -43.8256980053668,
            -48.50953939728343,
            -43.68940142525429
        ]
    },
    "smoothness_median": {
        "before": [
            0.07200896876694236,
            0.03951479071336587,
            0.028787878787878807,
            0.05001578559112123,
            0.045836412762244635,
            0.05417095780244865,
            0.03770123747237924,
            0.029687499999999978,
            0.029230769230769227,
            0.02878787878787878,
            0.03784515166913914,
            0.03239605324741668,
            0.042650885214426684,
            0.048973753869409525,
            0.06474631880513801,
            0.054313582976202285,
            0.06129032258064515
        ],
        "after": [
            0.06060647951822167,
            0.023929895082173358,
            0.018857242825925363,
            0.038092005414085764,
            0.038376634666419454,
            0.03888441775709936,
            0.026914868145584563,
            0.017945828724967465,
            0.017081628059178185,
            0.01684774629406492,
            0.026511923289654522,
            0.023188280409350018,
            0.033613780070683885,
            0.03500605241329308,
            0.045388082416466004,
            0.024097632510394,
            0.040623769032182996
        ],
        "percentage_diff": [
            -15.834818139980515,
            -39.44066348280297,
            -34.49589334152247,
            -23.840033773561615,
            -16.27478601896566,
            -28.219069157123712,
            -28.610120117932492,
            -39.550892715899025,
            -41.56285137649567,
            -41.476249715353426,
            -29.946315127933044,
            -28.42251421105102,
            -21.188552355499514,
            -28.520789918130184,
            -29.898589983058333,
            -55.632401344333196,
            -33.719113684332996
        ]
    },
    "mean_velocity": {
        "before": [
            2.005620907372749,
            1.0204613539608822,
            0.9691575959155855,
            1.6041511869831708,
            1.7088938820540185,
            1.6628234417922334,
            1.3429317477108784,
            1.0027466896589012,
            0.8251289000129529,
            0.8071127036080068,
            1.3377250826651403,
            1.2166468531548713,
            1.5261907853930754,
            1.646652514829343,
            1.7099637549034883,
            0.6243694655671496,
            1.8541713790830319
        ],
        "after": [
            1.7432562559721878,
            0.9589228766072259,
            0.9580511478430965,
            1.4843326753509525,
            1.6480438545860145,
            1.6054601958493,
            1.2609847005566246,
            0.9628073481853839,
            0.8088190163789485,
            0.8042211380122606,
            1.246280935500075,
            1.1879176723004319,
            1.4734540997283185,
            1.648659356992471,
            1.6115942225982307,
            0.5927587522700299,
            1.6529187530639553
        ],
        "percentage_diff": [
            -13.081467710876831,
            -6.0304564317695215,
            -1.145989890529252,
            -7.4692779960194216,
            -3.5607844411535234,
            -3.44974965478631,
            -6.102100668476885,
            -3.9829940986495047,
            -1.9766467558884917,
            -0.358260448983166,
            -6.835795213085322,
            -2.361340990603983,
            -3.455445162524314,
            0.12187405327201421,
            -5.752726162947801,
            -5.062821781075705,
            -10.854046626402178
        ]
    },
    "std_velocity": {
        "before": [
            1.718353864179733,
            1.0805397558925451,
            0.9743047827019239,
            1.440492659964869,
            1.536004892232676,
            1.3334553874098565,
            1.4309214425628694,
            1.2613165060201132,
            0.8685638023214928,
            0.7227447798657743,
            1.6210884284722562,
            1.279492327633026,
            1.6298002787798014,
            1.5381023777988707,
            1.436280758308403,
            0.583039145717893,
            1.3746198942891763
        ],
        "after": [
            1.4463258499590124,
            0.9465469524848242,
            0.9291126749470369,
            1.2831886377342752,
            1.5029743856047184,
            1.2439177956290115,
            1.2756856419179154,
            1.211685523707815,
            0.8341845208732892,
            0.708478618852385,
            1.4031596224599288,
            1.2234721595889282,
            1.515312975324198,
            1.5177104018123964,
            1.3083059074042167,
            0.5379764035339452,
            1.0916529189160251
        ],
        "percentage_diff": [
            -15.830733115648146,
            -12.400543587314884,
            -4.638395351972009,
            -10.920154375130956,
            -2.150416759411856,
            -6.714704715750967,
            -10.848659893370312,
            -3.9348555319315555,
            -3.9581757098689594,
            -1.9738864134084595,
            -13.443363248092984,
            -4.3783121503925875,
            -7.0246216635401275,
            -1.3257879501920191,
            -8.910155633840711,
            -7.728939388531499,
            -20.585106948381174
        ]
    },
    "median_velocity": {
        "before": [
            1.5623997934204856,
            0.6638326808202502,
            0.6743280392631132,
            1.1876634726824213,
            1.2750569027583856,
            1.3689656511738524,
            0.8388711039503496,
            0.48424209280357056,
            0.5646084602026025,
            0.6007769178518664,
            0.6555055418361985,
            0.7650033512081056,
            0.8869308662414636,
            1.111307490645273,
            1.3171424616813612,
            0.4561243214492609,
            1.5129591747973696
        ],