{
    "smoothness_mean": {
        "before": [
            0.056583763865101055,
            0.11449111726399036,
            0.07241019471750615,
            0.08677683994115347,
            0.0481317242895718,
            0.09502056031865623,
            0.08936376862538847,
            0.11392931120605027,
            0.1084354715278369,
            0.14304302382984746,
            0.23556477459684735,
            0.5448156779947585,
            0.41681934793158054,
            0.3954410177122202,
            0.06373028302800492,
            0.07412434587968879,
            0.10810830637905257,
            0.08592800199286059,
            0.14318681927705426,
            0.10711929452381262,
            0.13619768244604744
        ],
        "after": [
            0.03683970997813677,
            0.07296244135318948,
            0.045861186050899644,
            0.05559884462831581,
            0.030692223435834456,
            0.05621459476468932,
            0.05379064101478507,
            0.06766313679622564,
            0.06501556199759231,
            0.08558770668416801,
            0.13735104822042024,
            0.29943107757487175,
            0.42009349059683354,
            0.20544617069757332,
            0.0376173327576205,
            0.043800021693960065,
            0.05739846467021285,
            0.05695140754001414,
            0.09512105260311872,
            0.05961034080585319,
            0.07629023475628638
        ],
        "percentage_diff": [
            -34.8934968943304,
            -36.27239990596409,
            -36.66473867413579,
            -35.928936031757544,
            -36.23286119736163,
            -40.839546119102174,
            -39.80710321173383,
            -40.60954456763857,
            -40.042164172355804,
            -40.16645873903204,
            -41.69287472819867,
            -45.03993007746145,
            0.7855064025939695,
            -48.04631753019472,
            -40.97416334854442,
            -40.91007323686623,
            -46.90651755383103,
            -33.72194602552728,
            -33.56856931148976,
            -44.35144380772429,
            -43.9856586498764
        ]
    },
    "smoothness_median": {
        "before": [
            0.029234337222144226,
            0.04716069921840059,
            0.03799459980731102,
            0.04188497573924943,
            0.02923076923076924,
            0.04265088521442667,
            0.04010456370908775,
            0.053074277480384006,
            0.043338802717885164,
            0.06825660208233653,
            0.07125142760474705,
            0.2172767741932203,
            0.30141236590747533,
            0.1413518740928513,
            0.03325459673033243,
            0.03791010266342751,
            0.058461538461538454,
            0.050493520688514724,
            0.05937500000000007,
            0.05671641791044779,
            0.06536198703460923
        ],
        "after": [
            0.021814985106556595,
            0.03905455499957661,
            0.028492344144079064,
            0.03214053918147778,
            0.019111492617598484,
            0.030102075762191736,
            0.0252689542440269,
            0.03674559482976676,
            0.031883119060095035,
            0.045471005893261945,
            0.05901865492465245,
            0.23200786184200778,
            0.3091272714623132,
            0.0863884778546912,
            0.02088214652645279,
            0.024124262248058217,
            0.030533681721567955,
            0.03545324102136839,
            0.05416691840287499,
            0.03505599035343198,
            0.044452663975242064
        ],
        "percentage_diff": [
            -25.378896258909094,
            -17.18834612965455,
            -25.009490062857587,
            -23.26475397391807,
            -34.618577887163106,
            -29.422154755161557,
            -36.99232230196056,
            -30.765718208132455,
            -26.432856792009552,
            -33.38225972864689,
            -17.168459764698955,
            6.779872217583359,
            2.5595849498776504,
            -38.88409445640298,
            -37.20523302149802,
            -36.36455574326027,
            -47.771333897317966,
            -29.78655372424328,
            -8.77150584778959,
            -38.190753850527855,
            -31.990035811328166
        ]
    },
    "mean_velocity": {
        "before": [
            1.0419392565248933,
            1.711481760799718,
            1.3002654832873215,
            1.3418749579866074,
            0.8889937287185838,
            1.379283280122104,
            1.173022961329371,
            1.5515985090652482,
            1.4948763062554875,
            2.216391285798421,
            2.6375283494683015,
            8.069100732736976,
            null,
            3.495475713722365,
            0.9032501154891573,
            1.14161881442035,
            1.2592288298438072,
            1.699982823641855,
            1.9036855373805672,
            1.496488234463868,
            1.8274310371550901
        ],
        "after": [
            1.0078647742441544,
            1.6151543470938112,
            1.27581139415875,
            1.2678947072264113,
            0.8812314090513798,
            1.3033571869631466,
            1.0849142967289749,
            1.4642965857239139,
            1.3860079279065682,
            2.0354770732187597,
            2.314996438762211,
            6.241275868180523,
            null,
            3.0566180093894015,
            0.8626213017664116,
            1.0919165076069655,
            1.1675920462252958,
            1.7035692138163563,
            1.6981977236532213,
            1.3969361867411387,
            1.7325864937188225
        ],
        "percentage_diff": [
            -3.270294507799338,
            -5.6283050110271775,
            -1.8806997065512316,
            -5.513200042960669,
            -0.8731579781100227,
            -5.504749767737041,
            -7.511248074849599,
            -5.626579481178343,
            -7.28276833965102,
            -8.162557475246969,
            -12.228566596112977,
            -22.652150779836266,
            null,
            -12.555020840514434,
            -4.498069031604065,
            -4.353669209509362,
            -7.277214549628597,
            0.2109662594600901,
            -10.794209951822872,
            -6.6523775750495435,
            -5.190047750525233
        ]
    },
    "std_velocity": {
        "before": [
            0.9698983941442797,
            1.5680152834311794,
            1.1297600721945262,
            1.1875558184211592,
            0.8649167599874226,
            1.2743045220876803,
            1.169616008574066,
            1.5275845559151968,
            1.5175193544323966,
            2.096940257248385,
            2.5562174419711376,
            3.4085288022453604,
            null,
            3.5771325249749446,
            0.8911796750418519,
            1.0479942872711516,
            1.1582572649165717,
            1.5901471791041757,
            1.6923793584187514,
            1.3162780082779075,
            1.4686848546722056
        ],
        "after": [
            0.9258366147954796,
            1.3922437364618472,
            1.0856735228528784,
            1.0704927076524244,
            0.8434477972236349,
            1.1999096586609435,
            0.9945094397245716,
            1.3903208049532456,
            1.3287029956869931,
            1.9951407857509145,
            2.1504496302756344,
            3.1046520768754218,
            null,
            2.9175498925009156,
            0.8252203065156357,
            0.9604588717792927,
            1.0767644384422423,
            1.568250019985637,
            1.3929159433500133,
            1.1991315830666887,
            1.3848215379928468
        ],