{
    "smoothness_mean": {
        "before": [
            0.08834597975595582,
            0.06104256233965306,
            0.04338787091569156,
            0.0893282904866246,
            0.04751523151105897,
            0.08040429830106223,
            0.08542443157244403,
            0.10619847008684473,
            0.09678152697901733,
            0.1257883862937942,
            0.0852284701707913,
            0.03519495825162434,
            0.12342534182604648,
            0.10024982045370186,
            0.05482277446707576,
            0.05177992084780116,
            0.29491291501552425,
            0.08597019990007275,
            0.1373610988542114,
            0.04422466228085691,
            0.12247696777023316,
            0.09791123255950154,
            0.1692079409262095
        ],
        "after": [
            0.053429110774469143,
            0.038183304202367416,
            0.025770326093929888,
            0.052911070614347244,
            0.029825447938746794,
            0.04989537720549012,
            0.07034337543201317,
            0.0656961527025483,
            0.06428481161799472,
            0.07419367699235933,
            0.051908996922731966,
            0.021798733348535524,
            0.07051167212028156,
            0.06043070569615531,
            0.028109478803907073,
            0.03207569752908945,
            0.17216406628832948,
            0.05237005443989972,
            0.08016887986146304,
            0.04422466228085691,
            0.12247696777023316,
            0.059805911708275566,
            0.0952820043715507
        ],
        "percentage_diff": [
            -39.52287254942437,
            -37.448064532566875,
            -40.60476914388106,
            -40.76784596894331,
            -37.229711420420955,
            -37.94439071072529,
            -17.654265720973974,
            -38.138324734033645,
            -33.57739475227338,
            -41.01706908055017,
            -39.09429933599614,
            -38.062908918127626,
            -42.870993041559096,
            -39.719886357239034,
            -48.7266394720894,
            -38.05379188706978,
            -41.6220662024019,
            -39.083479507117666,
            -41.63640176863283,
            0.0,
            0.0,
            -38.91823221413235,
            -43.68940142525429
        ]
    },
    "smoothness_median": {
        "before": [
            0.04058343409687154,
            0.03064516129032258,
            0.029687499999999978,
            0.032203389830508466,
            0.028358208955223868,
            0.03545613926646931,
            0.044340537132212046,
            0.044783429475148066,
            0.055134930176923655,
            0.050688094522889325,
            0.03714283147818982,
            0.027941176470588247,
            0.061117296186192153,
            0.04224389787037956,
            0.049330532988120804,
            0.029860544637295112,
            0.11358823199188232,
            0.03114754098360656,
            0.06536198703460924,
            0.026027397260273977,
            0.059684294213297344,
            0.05439552967393058,
            0.06129032258064515
        ],
        "after": [
            0.0292207785386985,
            0.01998976195977665,
            0.014956835663483757,
            0.021440467065881222,
            0.016553498316166388,
            0.025170008942312375,
            0.04697108860008748,
            0.03407149698506951,
            0.04005043338996368,
            0.03760510017218838,
            0.02918724819570956,
            0.015271150574137455,
            0.04268056416978226,
            0.03163928492339046,
            0.022983279565598428,
            0.01872080030091463,
            0.08619388379262088,
            0.02120204864992985,
            0.04667268317963005,
            0.026027397260273977,
            0.059684294213297344,
            0.03698102769107281,
            0.040623769032182996
        ],
        "percentage_diff": [
            -27.998260401154557,
            -34.77025044704462,
            -49.61907987037046,
            -33.421707532263554,
            -41.62713751667639,
            -29.01085830820976,
            5.9326107395402286,
            -23.91941085267485,
            -27.359238033955986,
            -25.81078352588897,
            -21.41889286806732,
            -45.34535583992913,
            -30.166144719888944,
            -25.10330126147003,
            -53.40962650629988,
            -37.30589803933852,
            -24.11724147728543,
            -31.930264860751535,
            -28.59353685970897,
            0.0,
            0.0,
            -32.014582976298854,
            -33.719113684332996
        ]
    },
    "mean_velocity": {
        "before": [
            1.2951777880982707,
            0.9606416519353677,
            0.695868622632236,
            1.166731221517979,
            0.7970170327269662,
            1.1829670950371862,
            null,
            1.5706359978443099,
            1.7685902154788482,
            1.6824259067375487,
            1.3452763371141725,
            0.6531017701422884,
            1.8453519993313716,
            1.3866651125504115,
            null,
            0.8355807357573019,
            null,
            1.1037520412193087,
            1.9297828684921798,
            null,
            null,
            1.4667590277442375,
            1.8541713790830319
        ],
        "after": [
            1.2262370625282366,
            0.9471701258006692,
            0.6738992724236903,
            1.0757221941205533,
            0.773559339247553,
            1.1136327717878154,
            null,
            1.4711743441470526,
            1.8013595791791535,
            1.5491805060733146,
            1.3257782992945668,
            0.6428761490922259,
            1.7963431224704154,
            1.2898372335909019,
            null,
            0.8091420824914678,
            null,
            1.0222078972525335,
            1.812359835223264,
            null,
            null,
            1.3635655229275947,
            1.6529187530639553
        ],
        "percentage_diff": [
            -5.322877384367499,
            -1.4023466614796394,
            -3.1571117728290585,
            -7.800342162697782,
            -2.9431859692073945,
            -5.861052563528094,
            null,
            -6.332571890225862,
            1.8528522556273956,
            -7.919837665993561,
            -1.4493704588182987,
            -1.5657010159128366,
            -2.6558010004982067,
            -6.982787558664384,
            null,
            -3.164105170743582,
            null,
            -7.387904250368939,
            -6.0847795462431185,
            null,
            null,
            -7.035477734563289,
            -10.854046626402178
        ]
    },
    "std_velocity": {
        "before": [
            1.1945258722021135,
            1.0241662642055918,
            0.8719533930316653,
            1.385104452050069,
            0.8173349172180036,
            1.2040487005117246,
            null,
            1.5128140468142255,
            1.7059262237325847,
            1.6208823353863138,
            1.1157464949266631,
            0.6727240974182503,
            1.5293671203790786,
            1.374756676064616,
            null,
            0.8310393333358356,
            null,
            1.3477091448362677,
            1.4211667315965884,
            null,
            null,
            1.1472991037730684,
            1.3746198942891763
        ],