{
    "smoothness_mean": {
        "before": [
            0.03789311215476058,
            0.03272071547541122,
            0.0554952681546145,
            0.11111880933330974,
            0.06259199846098709,
            0.09181168714150242,
            0.11306821013819943,
            0.03671344984700639,
            0.046801492892478064,
            0.06899786323636586,
            0.3532721015961244,
            0.08061256402354823,
            0.11315353960438196,
            0.07537256547353853
        ],
        "after": [
            0.0241016555802914,
            0.01951069537868286,
            0.035083319505767104,
            0.07054157399639853,
            0.040089330217938986,
            0.0557416672967994,
            0.067576884823883,
            0.022294856570891912,
            0.028681940304605302,
            0.04513217342096567,
            0.18547598178075114,
            0.050200838630881435,
            0.06604581194569431,
            0.053941148078449935
        ],
        "percentage_diff": [
            -36.39568193328383,
            -40.37203925646232,
            -36.78142178172378,
            -36.51698176066353,
            -35.95134968741056,
            -39.28695895666422,
            -40.23352386909984,
            -39.27332717628052,
            -38.71575769922701,
            -34.58902739298396,
            -47.4976990985846,
            -37.72578848104005,
            -41.63168719546036,
            -28.433976288909314
        ]
    },
    "smoothness_median": {
        "before": [
            0.027941176470588247,
            0.026188242034349635,
            0.030608241252649347,
            0.04785652894304318,
            0.03548102562191378,
            0.0446432651168555,
            0.04341292080109169,
            0.026388888888888885,
            0.029687499999999978,
            0.03447717705882603,
            0.1537530246559794,
            0.03469350493094477,
            0.04687232153340405,
            0.04133855028475204
        ],
        "after": [
            0.015118471346497095,
            0.011234587809909758,
            0.020414730374227363,
            0.03540517387462673,
            0.023891900564825062,
            0.032316094612904606,
            0.03305424408311371,
            0.013810048813215833,
            0.01748827330134143,
            0.024041388570158972,
            0.11997901527718653,
            0.02537874247842347,
            0.03262353116929361,
            0.033830724435559255
        ],
        "percentage_diff": [
            -45.89178675990516,
            -57.100641596431004,
            -33.30315778120596,
            -26.018090620896317,
            -32.66288066354836,
            -27.612609587771058,
            -23.860814998924223,
            -47.667183444655784,
            -41.09213203758672,
            -30.268686066905047,
            -21.96640323295221,
            -26.84872131271184,
            -30.399156470105478,
            -18.1618024760827
        ]
    },
    "mean_velocity": {
        "before": [
            0.7121767917008336,
            0.5214290730082873,
            1.0564644954995535,
            1.718256499273677,
            1.098297138417821,
            1.4893508621028115,
            1.572791734550028,
            0.6638685166308644,
            0.7953983373604309,
            1.1598017360357433,
            3.2878771437490397,
            1.258934939728065,
            1.4582999824947456,
            1.9899647829377223
        ],
        "after": [
            0.7017501784555542,
            0.5072146959381454,
            1.0331682596634517,
            1.6466364139030312,
            1.0676534141861889,
            1.432704395601287,
            1.4628911184705815,
            0.6590118958754805,
            0.7689432967925635,
            1.1301666225626574,
            2.761546962856545,
            1.1941538843581923,
            1.358579293906957,
            2.0087379486415533
        ],
        "percentage_diff": [
            -1.464048445102845,
            -2.7260422952895134,
            -2.20511299105097,
            -4.168183586147958,
            -2.7901123621041903,
            -3.8034332904971406,
            -6.987614041021698,
            -0.7315636505902293,
            -3.326011549843036,
            -2.5551878870590503,
            -16.008207055216804,
            -5.145703191291651,
            -6.838146457164063,
            0.9433918562175155
        ]
    },
    "std_velocity": {
        "before": [
            0.8439284243423824,
            0.7294255716273639,
            1.0411380547416689,
            1.7150312998699615,
            1.1361414865571653,
            1.3460195277002072,
            1.510242262232122,
            0.773953484819008,
            0.8418803211218837,
            1.090901863392775,
            2.314287933046217,
            1.2273138791994627,
            1.3953902449542959,
            1.3277379081479084
        ],
        "after": [
            0.8292060558080163,
            0.6842051997994525,
            0.9870261453885791,
            1.6043692856477494,
            1.0820459414643362,
            1.2584521234308885,
            1.3531387506013468,
            0.766325682940659,
            0.7869252771252334,
            1.038521455008763,
            1.8668404996822296,
            1.1498695257107487,
            1.244965134632901,
            1.316497244129021
        ],
        "percentage_diff": [
            -1.744504404604953,
            -6.199449757022335,
            -5.197380799467194,
            -6.452477819536169,
            -4.7613387709970985,
            -6.505656304922653,
            -10.40253710014564,
            -0.9855633481814344,
            -6.5276551331450055,
            -4.801569246669503,
            -19.334129819146046,
            -6.310069070450696,
            -10.780146332922222,
            -0.8466026276652148
        ]
    },
    "median_velocity": {
        "before": [
            0.4312701629296968,
            0.29919219417250703,
            0.7065907126216759,
            1.1198531142249684,
            0.7268286099428694,
            1.092076963583904,
            1.0906013173288174,
            0.38931434012680355,
            0.516494696108111,
            0.8336552156333524,
            2.893336840563718,
            0.8397072376484577,
            1.0022493168087285,
            1.9790334490422044
        ],
        "after": [
            0.4195293873000623,
            0.295064604957307,
            0.7010134541385088,
            1.1124951487966912,
            0.7112200757379199,
            1.072927498540667,
            1.0621197488648002,
            0.37878899767311897,
            0.5166279332581765,
            0.831606550883248,
            2.61433170451118,
            0.8186349479952229,
            0.9692609765233634,
            1.9551732440453446
        ],
        "percentage_diff": [
            -2.722371413287037,
            -1.379577841800292,
            -0.7893195287656338,
            -0.6570473694105394,
            -2.1474848391254615,
            -1.7534904298680285,
            -2.611547227338434,
            -2.70355889029322,
            0.025796421738573674,
            -0.24574484891191203,
            -9.643022967148838,
            -2.509480531839444,
            -3.2914305584566135,
            -1.2056494046832487
        ]
    },
    "median_jerk": {
        "before": [
            27.454685809153535,
            18.764996619829198,
            50.018361183756966,
            74.61764039217576,
            50.51594170727372,
            74.39101184364422,
            75.43849736954984,
            22.210394472835645,
            34.98141182652076,
            53.54533277196147,
            342.42196533114924,
            58.51611098488798,
            71.45498411098234,
            null
        ],