{
    "smoothness_mean": {
        "before": [
            0.03773676090169554,
            0.10213276302265219,
            0.10571452660615875,
            0.053854639783625896,
            0.11559608341653185,
            0.08338763158917001,
            0.07559096811643654,
            0.03494641544313735,
            0.08011524717747052,
            0.08390814999133708,
            0.07049659737111706,
            0.0685887806906025
        ],
        "after": [
            0.023593380640913396,
            0.06399555089900848,
            0.0641359716827587,
            0.032525293360441514,
            0.06776001750077434,
            0.053101781593327804,
            0.04493223740121059,
            0.022710477096719722,
            0.04816954500695675,
            0.05033364287095757,
            0.04406390549325513,
            0.036998838233717836
        ],
        "percentage_diff": [
            -37.479052051196774,
            -37.34082090306829,
            -39.330975844314814,
            -39.60540170518309,
            -41.382081902712876,
            -36.31935506341397,
            -40.558722131989065,
            -35.01342896334301,
            -39.874684652408256,
            -40.013404089883814,
            -37.49498963575735,
            -46.05701127620843
        ]
    },
    "smoothness_median": {
        "before": [
            0.029230769230769227,
            0.04281630615077522,
            0.04010456370908778,
            0.029687499999999978,
            0.03911494180748958,
            0.041984465132951246,
            0.03596043850575266,
            0.02928571805026098,
            0.032120871969021934,
            0.03828548583066785,
            0.0315294210059069,
            0.04719833308105374
        ],
        "after": [
            0.015050152018088073,
            0.032546636528477335,
            0.029167322306820058,
            0.017697911914272075,
            0.027543027035744235,
            0.03173053682852507,
            0.024027304012453517,
            0.015316468638613762,
            0.02221995853525401,
            0.02642441106482475,
            0.02277836620729519,
            0.02700225347809071
        ],
        "percentage_diff": [
            -48.51263783285658,
            -23.9854171121951,
            -27.27181245906265,
            -40.38598092034665,
            -29.584384475626653,
            -24.423148590687756,
            -33.18406278997453,
            -47.699869908167514,
            -30.823924840261434,
            -30.98060402916975,
            -27.755202980011084,
            -42.78981541208306
        ]
    },
    "mean_velocity": {
        "before": [
            0.6253347051225233,
            1.4587385325230062,
            1.477929624909842,
            0.7855121622398431,
            1.3721282066902376,
            1.3923334506595926,
            1.0178144631414576,
            0.6503633950250292,
            1.1091421830035126,
            1.2070507439000953,
            1.172267569180972,
            null
        ],
        "after": [
            0.6149596512012885,
            1.3516947523873597,
            1.4010529817763477,
            0.7444998823845931,
            1.2394621692089394,
            1.341543839189422,
            0.954768430431422,
            0.6464338627911018,
            1.0315093425653228,
            1.1473424962154324,
            1.1283607555643704,
            null
        ],
        "percentage_diff": [
            -1.659120121791741,
            -7.338106024422736,
            -5.2016443704607305,
            -5.221087823555251,
            -9.668632773121617,
            -3.6478051609052287,
            -6.194255927101457,
            -0.604205627805376,
            -6.999358750197674,
            -4.94662283142628,
            -3.745460061415672,
            null
        ]
    },
    "std_velocity": {
        "before": [
            0.6936198869832895,
            1.4055731171118448,
            1.5761253521664584,
            0.9093235116853536,
            1.5560619772717044,
            1.2056076001349083,
            1.0261239624575278,
            0.6661386762902978,
            1.1636119374395633,
            1.1795841305181005,
            1.1236271137006038,
            null
        ],
        "after": [
            0.6493710567238828,
            1.2635940384720685,
            1.4611853096123866,
            0.802310927449345,
            1.3273062212195508,
            1.1410506269440495,
            0.9208366881480513,
            0.6517379230041229,
            1.018644249590904,
            1.0669771086157844,
            1.0380480021225638,
            null
        ],
        "percentage_diff": [
            -6.3794062266373075,
            -10.101152114485036,
            -7.292569870542427,
            -11.768373176414407,
            -14.700941183155102,
            -5.354725134748228,
            -10.260677867547063,
            -2.161825127220075,
            -12.458422192509405,
            -9.546332388589908,
            -7.616326674085847,
            null
        ]
    },
    "median_velocity": {
        "before": [
            0.4333880271788517,
            0.9904094822566454,
            0.8635427559149387,
            0.4847709198555926,
            0.753968253968254,
            1.0433121218461525,
            0.6791422334491759,
            0.4566303427987381,
            0.6712389155847738,
            0.8558210677181917,
            0.8162095318946965,
            null
        ],
        "after": [
            0.4215695473194993,
            0.9521470824027043,
            0.8535016295638198,
            0.4866536205599394,
            0.7509209678915278,
            1.031192641371021,
            0.6704414778343379,
            0.447455058450379,
            0.6615968541292758,
            0.8320443106353698,
            0.8198163798722309,
            null
        ],
        "percentage_diff": [
            -2.7269973137663843,
            -3.8632909457571336,
            -1.162782766960985,
            0.3883691507129999,
            -0.4041663638605154,
            -1.1616351637596132,
            -1.2811389406088365,
            -2.009346179695985,
            -1.4364574567459227,
            -2.7782392815143,
            0.4419022121882974,
            null
        ]
    },
    "median_jerk": {
        "before": [
            27.36856363988167,
            82.72429279426635,
            65.01224598515762,
            35.600056066970026,
            64.03597369988852,
            73.31099284661751,
            51.10327818522109,
            29.155787846741166,
            48.9729449390972,
            58.3024893466804,
            56.37443228856276,
            null
        ],
        "after": [
            26.51254399959016,
            81.90098024947073,
            61.101954890664246,
            34.22884600615929,
            60.33217972468984,
            71.14157976654128,
            48.517843881845835,
            28.56480969339686,
            46.635405286032494,
            57.006914754803375,
            54.82874544832971,
            null
        ],
        "percentage_diff": [
            -3.1277477749841145,
            -0.9952488162614752,
            -6.0146992850948395,
            -3.851707587851125,
            -5.783927004150679,
            -2.959192060889296,
            -5.059233761882145,
            -2.0269668460026242,
            -4.773124540440991,
            -2.2221599907565426,
            -2.7418224494415613,
            null
        ]
    },
    "mean_jerk": {
        "before": [
            39.74497390516267,
            116.36026384664646,
            108.35366455848947,
            56.69667669068301,
            105.96656414487627,
            98.73070249707402,
            75.0071010599627,
            41.27423158026974,
            78.93753032903957,
            86.37810425616347,
            80.38303935723884,
            null
        ],